-- phpMyAdmin SQL Dump
-- version 4.5.3.1
-- http://www.phpmyadmin.net
--
-- Host: localhost
-- Generation Time: 2024-01-05 08:57:58
-- 服务器版本： 5.7.10-log
-- PHP Version: 5.6.17

SET SQL_MODE = "NO_AUTO_VALUE_ON_ZERO";
SET time_zone = "+00:00";


/*!40101 SET @OLD_CHARACTER_SET_CLIENT=@@CHARACTER_SET_CLIENT */;
/*!40101 SET @OLD_CHARACTER_SET_RESULTS=@@CHARACTER_SET_RESULTS */;
/*!40101 SET @OLD_COLLATION_CONNECTION=@@COLLATION_CONNECTION */;
/*!40101 SET NAMES utf8mb4 */;

--
-- Database: `club_sys`
--

-- --------------------------------------------------------

--
-- 表的结构 `club`
--

CREATE TABLE `club` (
  `cno` int(11) NOT NULL,
  `cname` varchar(50) NOT NULL,
  `settime` date NOT NULL,
  `pcount` int(11) DEFAULT '0'
) ENGINE=InnoDB DEFAULT CHARSET=utf8mb4 COMMENT='社团表';

--
-- 转存表中的数据 `club`
--

INSERT INTO `club` (`cno`, `cname`, `settime`, `pcount`) VALUES
(2101, '篮球社', '2020-01-05', 217),
(2102, '文艺社', '2019-07-10', 112),
(2103, '科技创新社', '2018-03-22', 65),
(2104, '摄影协会', '2017-09-15', 76),
(2105, '心理辅导社', '2016-11-30', 101),
(2106, '社交舞社', '2014-08-06', 94),
(2107, '游戏协会', '2013-12-25', 208),
(2108, '运动健身社', '2012-06-11', 110);

-- --------------------------------------------------------

--
-- 表的结构 `dept`
--

CREATE TABLE `dept` (
  `dno` int(11) NOT NULL,
  `dname` varchar(50) NOT NULL
) ENGINE=InnoDB DEFAULT CHARSET=utf8mb4 COMMENT='部门表';

--
-- 转存表中的数据 `dept`
--

INSERT INTO `dept` (`dno`, `dname`) VALUES
(1, '理学院'),
(2, '人工智能学院'),
(3, '文学院'),
(4, '经济学院'),
(5, '法学院'),
(6, '医学院'),
(7, '教育学院'),
(8, '艺术学院'),
(9, '商学院'),
(10, '体育学院');

-- --------------------------------------------------------

--
-- 表的结构 `stuclub`
--

CREATE TABLE `stuclub` (
  `sno` int(11) NOT NULL,
  `cno` int(11) NOT NULL,
  `job` varchar(50) NOT NULL,
  `leader` int(11) DEFAULT '0',
  `Join_time` date NOT NULL,
  `sname` varchar(50) NOT NULL,
  `cname` varchar(50) NOT NULL
) ENGINE=InnoDB DEFAULT CHARSET=utf8mb4 COMMENT='社团成员';

--
-- 转存表中的数据 `stuclub`
--

INSERT INTO `stuclub` (`sno`, `cno`, `job`, `leader`, `Join_time`, `sname`, `cname`) VALUES
(201800001, 2107, '', 1, '2023-04-16', '王峰啊', '游戏协会'),
(201800002, 2105, '', 0, '2023-08-29', '孙强', '心理辅导社'),
(201800003, 2103, 'xuanchuan', 1, '2023-05-07', '张旺', '科技创新社'),
(201800004, 2105, 'cehua', 0, '2023-12-06', '曹阚', '心理辅导社'),
(201800005, 2103, '', 1, '2023-05-29', '李达', '科技创新社'),
(201800006, 2106, 'cehua', 1, '2023-09-06', '郑兴顺', '社交舞社'),
(201800007, 2107, '', 1, '2023-07-03', '王发', '游戏协会'),
(201800008, 2105, 'xuanchuan', 1, '2023-01-03', '郑亮阚', '心理辅导社'),
(201800009, 2104, 'xuanchuan', 1, '2023-02-08', '孙达', '摄影协会'),
(201800010, 2106, '', 0, '2023-06-15', '张刚峰', '社交舞社'),
(201800011, 2106, 'xuanchuan', 0, '2023-12-01', '明诗望', '社交舞社'),
(201800012, 2108, 'cehua', 0, '2023-04-22', '卫能旺', '运动健身社'),
(201800013, 2101, '', 1, '2023-04-20', '王剑', '篮球社'),
(201800014, 2107, '', 0, '2023-08-30', '吴望达', '游戏协会'),
(201800015, 2101, 'xuanchuan', 0, '2023-01-20', '陈呀', '篮球社'),
(201800016, 2103, 'cehua', 1, '2023-11-15', '曹心发', '科技创新社'),
(201800017, 2105, '', 0, '2023-04-10', '李诗达', '心理辅导社'),
(201800018, 2106, 'xuanchuan', 0, '2023-01-17', '周心能', '社交舞社'),
(201800019, 2108, 'xuanchuan', 0, '2023-10-07', '柳顺', '运动健身社'),
(201800020, 2106, 'xuanchuan', 1, '2023-12-10', '孔能', '社交舞社'),
(201800021, 2106, '', 0, '2023-01-01', '何达心', '社交舞社'),
(201800022, 2102, '', 1, '2023-04-29', '严皓诗', '文艺社'),
(201800023, 2101, 'cehua', 0, '2023-04-06', '张旺发', '篮球社'),
(201800024, 2107, 'cehua', 1, '2023-07-10', '曹啊福', '游戏协会'),
(201800025, 2102, '', 0, '2023-11-07', '吴刚刚', '文艺社'),
(201800026, 2102, 'cehua', 1, '2023-08-26', '何啊浩', '文艺社'),
(201800027, 2103, 'cehua', 0, '2023-07-06', '孔峰达', '科技创新社'),
(201800028, 2101, '', 0, '2023-12-06', '朱皓强', '篮球社'),
(201800029, 2102, '', 1, '2023-10-14', '严能', '文艺社'),
(201800030, 2105, '', 1, '2023-04-24', '朱峰心', '心理辅导社'),
(201800031, 2107, '', 1, '2023-08-23', '赵阚', '游戏协会'),
(201800032, 2106, '', 0, '2023-05-21', '朱啊', '社交舞社'),
(201800033, 2102, 'xuanchuan', 0, '2023-03-15', '李剑福', '文艺社'),
(201800034, 2104, '', 0, '2023-03-11', '明发兴', '摄影协会'),
(201800035, 2107, '', 1, '2023-12-13', '严诗文', '游戏协会'),
(201800036, 2104, 'cehua', 1, '2023-10-11', '卫心', '摄影协会'),
(201800037, 2106, '', 0, '2023-02-24', '王望峰', '社交舞社'),
(201800038, 2107, '', 1, '2023-02-10', '卫浩心', '游戏协会'),
(201800039, 2103, '', 0, '2023-02-14', '赵亮', '科技创新社'),
(201800040, 2106, '', 0, '2023-04-23', '冯刚', '社交舞社'),
(201800041, 2107, '', 1, '2023-03-04', '郑福亮', '游戏协会'),
(201800042, 2105, '', 1, '2023-09-19', '赵能阚', '心理辅导社'),
(201800043, 2101, '', 0, '2023-05-18', '明呀刚', '篮球社'),
(201800044, 2104, '', 1, '2023-03-11', '陈啊发', '摄影协会'),
(201800045, 2104, '', 1, '2023-06-11', '钱发', '摄影协会'),
(201800046, 2101, '', 0, '2023-04-21', '赵军剑', '篮球社'),
(201800047, 2106, '', 0, '2023-11-25', '孔亮发', '社交舞社'),
(201800048, 2104, '', 0, '2023-05-03', '周剑', '摄影协会'),
(201800049, 2102, '', 1, '2023-09-07', '赵诗', '文艺社'),
(201800050, 2108, '', 1, '2023-01-20', '明顺', '运动健身社');

-- --------------------------------------------------------

--
-- 表的结构 `student`
--

CREATE TABLE `student` (
  `sno` int(11) NOT NULL,
  `sname` varchar(50) NOT NULL,
  `stel` int(11) NOT NULL,
  `dno` int(11) NOT NULL
) ENGINE=InnoDB DEFAULT CHARSET=utf8mb4 COMMENT='学生表';

--
-- 转存表中的数据 `student`
--

INSERT INTO `student` (`sno`, `sname`, `stel`, `dno`) VALUES
(201800001, '王峰啊', 1351235678, 9),
(201800002, '孙强', 1361234678, 9),
(201800003, '张旺', 1371235678, 9),
(201800004, '曹阚', 1381245678, 4),
(201800005, '李达', 1391345678, 5),
(201800006, '郑兴顺', 1412345678, 10),
(201800007, '王发', 1411234578, 1),
(201800008, '郑亮阚', 1421245678, 8),
(201800009, '孙达', 1431235678, 7),
(201800010, '张刚峰', 1441235678, 3),
(201800011, '明诗望', 1451234578, 1),
(201800012, '卫能旺', 1461234678, 4),
(201800013, '王剑', 1471234578, 10),
(201800014, '吴望达', 1481245678, 5),
(201800015, '陈呀', 1491234678, 5),
(201800016, '曹心发', 1501245678, 2),
(201800017, '李诗达', 1511235678, 5),
(201800018, '周心能', 1521235678, 6),
(201800019, '柳顺', 1531234578, 3),
(201800020, '孔能', 1541234578, 10),
(201800021, '何达心', 1551235678, 10),
(201800022, '严皓诗', 1561235678, 2),
(201800023, '张旺发', 1571235678, 2),
(201800024, '曹啊福', 1581235678, 2),
(201800025, '吴刚刚', 1591234678, 8),
(201800026, '何啊浩', 1601235678, 8),
(201800027, '孔峰达', 1611235678, 8),
(201800028, '朱皓强', 1621245678, 10),
(201800029, '严能', 1631234678, 7),
(201800030, '朱峰心', 1641245678, 9),
(201800031, '赵阚', 1651234678, 10),
(201800032, '朱啊', 1661235678, 3),
(201800033, '李剑福', 1671345678, 9),
(201800034, '明发兴', 1681345678, 4),
(201800035, '严诗文', 1692345678, 8),
(201800036, '卫心', 1701234678, 2),
(201800037, '王望峰', 1711234678, 10),
(201800038, '卫浩心', 1721234578, 10),
(201800039, '赵亮', 1731234568, 9),
(201800040, '冯刚', 1741234578, 7),
(201800041, '郑福亮', 1751245678, 1),
(201800042, '赵能阚', 1761345678, 2),
(201800043, '明呀刚', 1771235678, 1),
(201800044, '陈啊发', 1781235678, 6),
(201800045, '钱发', 1791234578, 7),
(201800046, '赵军剑', 1801235678, 10),
(201800047, '孔亮发', 1811245678, 3),
(201800048, '周剑', 1821234678, 5),
(201800049, '赵诗', 1831235678, 3),
(201800050, '明顺', 1841245678, 5);

-- --------------------------------------------------------

--
-- 表的结构 `teacher`
--

CREATE TABLE `teacher` (
  `tno` int(11) NOT NULL,
  `tname` varchar(50) NOT NULL,
  `ttel` int(11) NOT NULL,
  `dno` int(11) NOT NULL
) ENGINE=InnoDB DEFAULT CHARSET=utf8mb4 COMMENT='教师表';

--
-- 转存表中的数据 `teacher`
--

INSERT INTO `teacher` (`tno`, `tname`, `ttel`, `dno`) VALUES
(2022121423, '张家钱', 1891234567, 9),
(2022121424, '艾李盛', 1901234568, 10),
(2022121425, '李盛', 1911234678, 3),
(2022121426, '张李盛', 1921345678, 4),
(2022121427, '明家钱', 1931345678, 6),
(2022121428, '艾家钱', 1942345678, 6),
(2022121429, '袁嘉', 1951345678, 1),
(2022121430, '张卧', 1912345678, 10),
(2022121431, '张李', 1971345678, 4);

-- --------------------------------------------------------

--
-- 表的结构 `teaclub`
--

CREATE TABLE `teaclub` (
  `tno` int(11) NOT NULL,
  `cno` int(11) NOT NULL,
  `Join_time` date NOT NULL,
  `tname` varchar(50) NOT NULL,
  `cname` varchar(50) NOT NULL
) ENGINE=InnoDB DEFAULT CHARSET=utf8mb4 COMMENT='教师指导社团';

--
-- 转存表中的数据 `teaclub`
--

INSERT INTO `teaclub` (`tno`, `cno`, `Join_time`, `tname`, `cname`) VALUES
(2022121423, 2101, '2020-01-05', '张家钱', '篮球社'),
(2022121424, 2102, '2019-07-10', '艾李盛', '文艺社'),
(2022121425, 2103, '2018-03-22', '李盛', '科技创新社'),
(2022121426, 2104, '2017-09-15', '张李盛', '摄影协会'),
(2022121427, 2105, '2016-11-30', '明家钱', '心理辅导社'),
(2022121428, 2106, '2014-08-06', '艾家钱', '社交舞社'),
(2022121429, 2107, '2013-12-25', '袁嘉', '游戏协会'),
(2022121430, 2108, '2012-06-11', '张卧', '运动健身社');

--
-- Indexes for dumped tables
--

--
-- Indexes for table `club`
--
ALTER TABLE `club`
  ADD PRIMARY KEY (`cno`);

--
-- Indexes for table `dept`
--
ALTER TABLE `dept`
  ADD PRIMARY KEY (`dno`);

--
-- Indexes for table `stuclub`
--
ALTER TABLE `stuclub`
  ADD PRIMARY KEY (`sno`,`cno`),
  ADD KEY `stuclub_club` (`cno`);

--
-- Indexes for table `student`
--
ALTER TABLE `student`
  ADD PRIMARY KEY (`sno`),
  ADD KEY `stu_dept` (`dno`);

--
-- Indexes for table `teacher`
--
ALTER TABLE `teacher`
  ADD PRIMARY KEY (`tno`),
  ADD KEY `tea_dept` (`dno`);

--
-- Indexes for table `teaclub`
--
ALTER TABLE `teaclub`
  ADD PRIMARY KEY (`tno`,`cno`),
  ADD KEY `teaclub_club` (`cno`);

--
-- 限制导出的表
--

--
-- 限制表 `stuclub`
--
ALTER TABLE `stuclub`
  ADD CONSTRAINT `stuclub_club` FOREIGN KEY (`cno`) REFERENCES `club` (`cno`),
  ADD CONSTRAINT `stuclub_stu` FOREIGN KEY (`sno`) REFERENCES `student` (`sno`);

--
-- 限制表 `student`
--
ALTER TABLE `student`
  ADD CONSTRAINT `stu_dept` FOREIGN KEY (`dno`) REFERENCES `dept` (`dno`);

--
-- 限制表 `teacher`
--
ALTER TABLE `teacher`
  ADD CONSTRAINT `tea_dept` FOREIGN KEY (`dno`) REFERENCES `dept` (`dno`);

--
-- 限制表 `teaclub`
--
ALTER TABLE `teaclub`
  ADD CONSTRAINT `teaclub_club` FOREIGN KEY (`cno`) REFERENCES `club` (`cno`),
  ADD CONSTRAINT `teaclub_tea` FOREIGN KEY (`tno`) REFERENCES `teacher` (`tno`);

/*!40101 SET CHARACTER_SET_CLIENT=@OLD_CHARACTER_SET_CLIENT */;
/*!40101 SET CHARACTER_SET_RESULTS=@OLD_CHARACTER_SET_RESULTS */;
/*!40101 SET COLLATION_CONNECTION=@OLD_COLLATION_CONNECTION */;
