-- MySQL dump 10.13  Distrib 5.7.10, for Win64 (x86_64)
--
-- Host: localhost    Database: lib_bk
-- ------------------------------------------------------
-- Server version	5.7.10-log

/*!40101 SET @OLD_CHARACTER_SET_CLIENT=@@CHARACTER_SET_CLIENT */;
/*!40101 SET @OLD_CHARACTER_SET_RESULTS=@@CHARACTER_SET_RESULTS */;
/*!40101 SET @OLD_COLLATION_CONNECTION=@@COLLATION_CONNECTION */;
/*!40101 SET NAMES utf8 */;
/*!40103 SET @OLD_TIME_ZONE=@@TIME_ZONE */;
/*!40103 SET TIME_ZONE='+00:00' */;
/*!40014 SET @OLD_UNIQUE_CHECKS=@@UNIQUE_CHECKS, UNIQUE_CHECKS=0 */;
/*!40014 SET @OLD_FOREIGN_KEY_CHECKS=@@FOREIGN_KEY_CHECKS, FOREIGN_KEY_CHECKS=0 */;
/*!40101 SET @OLD_SQL_MODE=@@SQL_MODE, SQL_MODE='NO_AUTO_VALUE_ON_ZERO' */;
/*!40111 SET @OLD_SQL_NOTES=@@SQL_NOTES, SQL_NOTES=0 */;


drop database if exists lib;
create database lib;

use lib;

--
-- Table structure for table `book`
--

DROP TABLE IF EXISTS `book`;
/*!40101 SET @saved_cs_client     = @@character_set_client */;
/*!40101 SET character_set_client = utf8 */;
CREATE TABLE `book` (
  `bookNo` char(4) NOT NULL,
  `classNo` char(4) NOT NULL,
  `bookName` varchar(40) NOT NULL,
  `author` varchar(10) DEFAULT NULL,
  `publishName` varchar(20) DEFAULT NULL,
  `publishDate` datetime DEFAULT NULL,
  `introduction` varchar(100) DEFAULT NULL,
  `onShelf` char(2) DEFAULT '是',
  `price` float DEFAULT NULL,
  `number` int(11) NOT NULL DEFAULT '0',
  PRIMARY KEY (`bookNo`),
  KEY `FK_Book_BookClass` (`classNo`),
  CONSTRAINT `FK_Book_BookClass` FOREIGN KEY (`classNo`) REFERENCES `bookclass` (`classNo`)
) ENGINE=InnoDB DEFAULT CHARSET=utf8;
/*!40101 SET character_set_client = @saved_cs_client */;

--
-- Dumping data for table `book`
--

LOCK TABLES `book` WRITE;
/*!40000 ALTER TABLE `book` DISABLE KEYS */;
INSERT INTO `book` VALUES ('b001','c015','数据库系统原理与设计','万常选','清华大学出版社','2009-03-05 00:00:00','数据库教程','是',29.6,5),('b002','c015','JAVA','吴京','清华大学出版社','2007-05-07 00:00:00','JAVA基础教程','是',33.8,10),('b003','c006','红楼梦','曹雪芹','清华大学出版社','2009-09-04 00:00:00','中国四大名著之一','是',21.2,11),('b004','c005','英语写作','刘平惠','浙江大学出版社','2006-10-21 00:00:00','基础英语写作教程','是',18.9,2),('b005','c007','最漫画','郭敬明','长江出版社','2011-03-17 00:00:00','漫画连载','否',38,0),('b006','c014','论中国农业剩余劳动力转移-农业现代化的必由之路','陈吉元','经济管理出版社','2007-01-01 00:00:00','论中国农业剩余劳动力转移-农业现代化的必由之路','是',62,3),('b007','c003','明清时期山东商品经济的发展','许  檀','中国社会科学出版社','2007-03-01 00:00:00','明清时期山东商品经济的发展','是',38,5),('b008','c003','发展经济学','郭熙保','中国金融出版社','2007-06-01 00:00:00','发展经济学','是',38,1),('b009','c003','粮食经济中的和谐-中国粮食市场与政府宏观政策的耦合','鲁  靖','东南大学出版社','2006-11-01 00:00:00','粮食经济中的和谐-中国粮食市场与政府宏观政策的耦合','是',28,2),('b010','c003','经济体制的比较制度分析','  译[日]','中国发展出版社','2005-01-01 00:00:00','经济体制的比较制度分析','是',28,3),('b011','c003','公共经济学','刘伟忠','科学出版社','2007-01-01 00:00:00','公共经济学','是',22,4),('b012','c014','农业循环经济概论','任正晓','中国经济出版社','2007-07-07 00:00:00','农业循环经济概论','是',49.8,5),('b013','c003','西方新制度经济学','卢现祥','中国发展出版社','2003-06-01 00:00:00','西方新制度经济学','否',29,0),('b014','c003','经济学方法论','  译[美]','上海财经大学出版社','2005-02-14 00:00:00','经济学方法论','是',32,4),('b015','c003','转型经济学','胡家勇','安徽人民出版社','2003-05-04 00:00:00','转型经济学','是',39,3),('b016','c003','中国地区差异的经济分析','沙安文','人民出版社','2006-05-04 00:00:00','中国地区差异的经济分析','否',60,0),('b017','c003','宏观经济学-中国经济分析','司春林','上海财经大学出版社','2002-01-02 00:00:00','宏观经济学-中国经济分析','否',30,0),('b018','c003','宏观经济学-中国经济分析','司春林','上海财经大学出版社','2002-01-02 00:00:00','宏观经济学-中国经济分析','是',30,3),('b019','c003','计量经济分析方法与建摸','高铁梅','清华大学出版社','2006-01-02 00:00:00','计量经济分析方法与建摸','是',45,2),('b020','c003','公共经济学导引与案例','樊勇明','复旦大学出版社','2003-01-06 00:00:00','公共经济学导引与案例','是',27,2),('b021','c003','克服经济学的哲学贫困','王艳萍','中国经济出版社','2006-03-01 00:00:00','克服经济学的哲学贫困','否',36,0),('b022','c003','公共部门经济学','高培勇','中国人民大学出版社','2003-07-04 00:00:00','公共部门经济学','是',29,1),('b023','c014','我国农业保护政策研究','李建平','人民出版社','2007-03-01 00:00:00','我国农业保护政策研究','是',20.5,2),('b024','c014','农村人力资源开发利用变化趋势研究','宋玲妹','西南财经大学出版社','2007-06-01 00:00:00','农村人力资源开发利用变化趋势研究','否',26,0),('b025','c014','新型农民专业合作经济组织发展研究','孙亚范','社会科学文献出版社','2006-03-04 00:00:00','新型农民专业合作经济组织发展研究','否',35,0),('b026','c008','陕甘宁边区-社会经济史(1937-1945)','黄正林','人民出版社','2006-03-04 00:00:00','陕甘宁边区-社会经济史(1937-1945)','是',45,4),('b027','c003','财政支农规模与结构问题研究','何振国','中国财政经济出版社','2005-12-04 00:00:00','财政支农规模与结构问题研究','否',20,0),('b028','c003','创新理论大师熊彼特经济思想研究','徐则荣','首都经济贸易大学出版社','2006-01-04 00:00:00','创新理论大师熊彼特经济思想研究','是',22,3),('b029','c014','四川农业循环经济与新农村建设研究','方  杰','西南财经大学出版社','2007-05-07 00:00:00','四川农业循环经济与新农村建设研究','否',18,0),('b030','c014','黄土丘陵沟壑区农业可持续户发展实证研究','张东伟','中国环境科学出版社','2006-01-03 00:00:00','黄土丘陵沟壑区农业可持续户发展实证研究','是',20,3),('b031','c014','中国农户消费函数研究','朱信凯','中国农业出版社','2003-01-07 00:00:00','中国农户消费函数研究','是',20,5),('b032','c014','农村人力资本积累与农民收入研究','白菊红','中国农业出版社','2004-04-09 00:00:00','农村人力资本积累与农民收入研究','否',20,0),('b033','c014','农业发展战略与产业政策','农业部','中国农业出版社','2001-11-08 00:00:00','农业发展战略与产业政策','否',25,0),('b034','c003','现代经济学前沿专题(第二集)','汤  敏','商务印书馆','2004-12-04 00:00:00','现代经济学前沿专题(第二集)','是',12,5),('b035','c014','中国农村社区公共产品供给制度变迁研究','林万龙','中国财政经济出版社','2002-12-06 00:00:00','中国农村社区公共产品供给制度变迁研究','是',16,3),('b036','c014','农村市场经济体制的创建与完善','张  真','郑州大学出版社','2004-08-01 00:00:00','农村市场经济体制的创建与完善','是',19,1),('b037','c014','中国农民专业合作经济组织的制度分析','徐旭初','经济科学出版社','2005-07-05 00:00:00','中国农民专业合作经济组织的制度分析','是',22,3),('b038','c019','新机遇与新发展','中科院','商务印书馆','2005-04-06 00:00:00','新机遇与新发展','是',22,2),('b039','c003','经济演化','  译[荷]','经济科学出版社','2003-06-07 00:00:00','经济演化','否',24,0),('b040','c014','农业可持续发展的政策、技术与管理','方  炎','中国农业出版社','2003-11-07 00:00:00','农业可持续发展的政策、技术与管理','是',30,1),('b041','c003','产权的经济分析','  译[美]','上海人民出版社','1997-06-05 00:00:00','产权的经济分析','是',16,5),('b042','c003','经济发展与收入不均等：','万广华','上海人民出版社','2006-07-07 00:00:00','经济发展与收入不均等：','是',24,4),('b043','c019','市场秩序和规范','洪银兴','上海人民出版社','2005-06-04 00:00:00','市场秩序和规范','是',36,1),('b044','c003','中国人力资本投资与城乡就业相关性研究','侯风云','上海人民出版社','2007-06-07 00:00:00','中国人力资本投资与城乡就业相关性研究','是',27,2),('b045','c003','中国区域自主创新研究报告','周  元','知识产权出版社','2007-03-04 00:00:00','中国区域自主创新研究报告','是',38,3),('b046','c003','县域经济发展及结构优化的理论与实践','隆少秋','华南理工大学出版社','2006-01-05 00:00:00','县域经济发展及结构优化的理论与实践','是',68,1),('b047','c003','中国上市公司业绩评价报告(2007)','','中国经济出版社','2007-06-04 00:00:00','中国上市公司业绩评价报告(2007)','否',48,0),('b048','c003','现代区域经济学','魏后凯','经济管理出版社','2006-09-04 00:00:00','现代区域经济学','是',59,3),('b049','c003','区域经济学与区域政策',' 译[英]','上海人民出版社','2007-08-07 00:00:00','区域经济学与区域政策','是',36,4),('b050','c003','统筹区域发展的战略问题与政策研究','陈宣庆','中国市场出版社','2006-12-01 00:00:00','统筹区域发展的战略问题与政策研究','是',28,1),('b051','c004','才学世界——中国学生成长必读的66本书','','时代文艺','2010-01-01 00:00:00','才学世界——中国学生成长必读的66本书','否',19,0),('b052','c004','才学世界——做自已想做的人','','时代文艺','2010-01-01 00:00:00','才学世界——做自已想做的人','是',19,5),('b053','c002','伟人的青少年时代朱德','','时代文艺','2010-01-01 00:00:00','伟人的青少年时代朱德','是',19,4),('b054','c002','碧血丹心：毛泽东和他的麾下将领','','长江出版社','2011-01-01 00:00:00','碧血丹心：毛泽东和他的麾下将领','是',45,5),('b055','c009','体验科学家--做一个地震专家','','延边人民','2010-01-01 00:00:00','体验科学家--做一个地震专家','是',19.8,5),('b056','c004','未成年人平安自护读本全2册','','吉林人民','2010-01-01 00:00:00','未成年人平安自护读本全2册','是',56,2),('b057','c019','做命运的强者','','吉林人民','2010-01-01 00:00:00','做命运的强者','是',25.8,2),('b058','c004','青少年求知文库珍爱生命每一天','','吉林人民','2010-01-01 00:00:00','青少年求知文库珍爱生命每一天','是',25.8,5),('b059','c004','青少年求知文库-名家走笔大自然','','世界图书','2011-01-01 00:00:00','青少年求知文库-名家走笔大自然','是',26.8,3),('b060','c004','中华家训名篇','','吉林人民','2010-01-01 00:00:00','中华家训名篇','否',25.8,0),('b061','c004','2000个应该知道的文化常识','','海潮出版','2010-01-01 00:00:00','2000个应该知道的文化常识','是',29.8,3),('b062','c004','2000个应该知道的国学常识','','海潮出版','2011-01-01 00:00:00','2000个应该知道的国学常识','是',39.8,4),('b063','c004','2000个应该知道的动植物常识','','海潮出版','2010-01-01 00:00:00','2000个应该知道的动植物常识','是',29.8,5),('b064','c004','习惯影响一生','','中国商业','2010-01-01 00:00:00','习惯影响一生','是',35,3),('b065','c004','图知天下---青少年人生励志哲理故事','','华夏出版社','2011-01-01 00:00:00','图知天下---青少年人生励志哲理故事','是',29.8,1),('b066','c004','智慧人生丛书:小故事中的成功智慧','','世界图书','2010-01-01 00:00:00','智慧人生丛书:小故事中的成功智慧','是',19.8,1),('b067','c004','一口气读懂常识丛书:一口气读懂心理常识','','世界图书','2010-01-01 00:00:00','一口气读懂常识丛书:一口气读懂心理常识','是',25.8,4),('b068','c004','中小学生基础素质培养丛书如何培养良好的习惯','','广东世界图','2010-01-01 00:00:00','中小学生基础素质培养丛书如何培养良好的习惯','是',25.8,1),('b069','c004','中小学生基础素质培养丛书如何克服自身的弱点','','广东世界图','2010-01-01 00:00:00','中小学生基础素质培养丛书如何克服自身的弱点','否',25.8,0),('b070','c004','中小学生基础素质培养丛书如何坚持自己的信念','','广东世界图','2010-01-01 00:00:00','中小学生基础素质培养丛书如何坚持自己的信念','否',25.8,0),('b071','c004','中小学生基础素质培养丛书如何开发自己的潜能','','广东世界图','2010-01-01 00:00:00','中小学生基础素质培养丛书如何开发自己的潜能','否',25.8,0),('b072','c004','青少年心理规律','','世界图书','2010-01-01 00:00:00','青少年心理规律','否',25.8,0),('b073','c004','哈佛教给学生的人生哲学','','光明日报出','2011-01-01 00:00:00','哈佛教给学生的人生哲学','是',29.8,3),('b074','c004','世界名人给青少年上的哲理课','','光明日报出','2011-01-01 00:00:00','世界名人给青少年上的哲理课','是',29.8,1),('b075','c004','孩子要知道的人生哲理','','光明日报出','2011-01-01 00:00:00','孩子要知道的人生哲理','是',29.8,1),('b076','c006','父亲，我一定要找到你','','海潮出版','2010-01-01 00:00:00','父亲，我一定要找到你','是',29.8,5),('b077','c004','扬起青春的风帆——与青少年谈理想','','陕西人民美','2011-01-01 00:00:00','扬起青春的风帆——与青少年谈理想','是',28.8,5),('b078','c004','好习惯成就好人生','','陕西人民美','2011-01-01 00:00:00','好习惯成就好人生','是',28.8,4),('b079','c004','用爱心诠释青春——与青少年谈情操','','陕西人民美','2011-01-01 00:00:00','用爱心诠释青春——与青少年谈情操','是',24.8,4),('b080','c008','孩子们最喜欢的海洋公园--海洋奇观','','天津古籍出','2010-01-01 00:00:00','孩子们最喜欢的海洋公园--海洋奇观','是',27.8,3),('b081','c004','家藏天下--女孩最爱读的真情故事全集','','世界图书','2011-01-01 00:00:00','家藏天下--女孩最爱读的真情故事全集','是',26.8,1),('b082','c004','男孩最爱读的智慧故事全集全2册','','世界图书','2011-01-01 00:00:00','男孩最爱读的智慧故事全集全2册','是',28.8,4),('b083','c004','家藏天下--影响中国孩子成长的66本书','','世界图书','2011-01-01 00:00:00','家藏天下--影响中国孩子成长的66本书','否',27,0),('b084','c005','新课标小学语文阅读丛书论语','','二十一世纪','2010-01-01 00:00:00','新课标小学语文阅读丛书论语','是',12,2),('b085','c005','青少年必读国学经典--论语(拼音版)(1册)','','安徽少儿','2011-01-01 00:00:00','青少年必读国学经典--论语(拼音版)(1册)','是',12,5),('b086','c005','语文新课标必读书目第09辑全12册亚洲寓言','','中国商业','2010-01-01 00:00:00','语文新课标必读书目第09辑全12册亚洲寓言','是',35,1),('b087','c006','中国文化知识读本:报国寺','','吉林人民','2010-01-01 00:00:00','中国文化知识读本:报国寺','是',22,5),('b088','c006','中国文化知识读本:白马寺','','吉林人民','2010-01-01 00:00:00','中国文化知识读本:白马寺','是',22,4),('b089','c006','中国文化知识读本:龙凤文化','','吉林人民','2010-01-01 00:00:00','中国文化知识读本:龙凤文化','是',22,5),('b090','c006','中国文化知识读本:理学集大成者（朱熹）','','吉林人民','2010-01-01 00:00:00','中国文化知识读本:理学集大成者（朱熹）','是',22,1),('b091','c006','中国文化知识读本:信仰文化','','吉林人民','2010-01-01 00:00:00','中国文化知识读本:信仰文化','是',22,2),('b092','c006','超值典藏-易经的智慧','','吉林出版集','2011-01-01 00:00:00','超值典藏-易经的智慧','是',19.9,4),('b093','c006','超值典藏-论语的智慧','','吉林出版集','2011-01-01 00:00:00','超值典藏-论语的智慧','是',19.9,3),('b094','c006','超值典藏-菜根谭','','吉林出版集','2011-01-01 00:00:00','超值典藏-菜根谭','是',19.9,2),('b095','c006','超值典藏-四书五经','','吉林出版集','2011-01-01 00:00:00','超值典藏-四书五经','是',19.9,3),('b096','c006','超值典藏-老子.庄子','','吉林出版集','2011-01-01 00:00:00','超值典藏-老子.庄子','是',19.9,4),('b097','c006','超值典藏2-每天读点趣味心理学','','吉林出版集','2011-01-01 00:00:00','超值典藏2-每天读点趣味心理学','是',19.9,1),('b098','c008','这里就是开始','','新疆美影','2010-01-01 00:00:00','这里就是开始','是',26,5),('b099','c005','注音日记起步','余维尼','江苏文艺出版社','0000-00-00 00:00:00','注音日记起步','是',15.8,3),('b100','c006','阳光姐姐小说派','伍美珍','人民邮电出版社','0000-00-00 00:00:00','阳光姐姐小说派','是',16,3),('b101','c006','阳光姐姐日记派','伍美珍','人民邮电出版社','0000-00-00 00:00:00','阳光姐姐日记派','是',16,2),('b102','c006','阳光姐姐幽默派','伍美珍','人民邮电出版社','0000-00-00 00:00:00','阳光姐姐幽默派','是',16,2),('b103','c006','阳光姐姐剧场派','伍美珍','人民邮电出版社','0000-00-00 00:00:00','阳光姐姐剧场派','是',16,5),('b104','c006','阳光家族小说营','伍美珍','人民文学出版社','0000-00-00 00:00:00','阳光家族小说营','是',15,3),('b105','c006','阳光姐姐嘉年华','伍美珍','明天出版社','0000-00-00 00:00:00','阳光姐姐嘉年华','是',16,1),('b106','c006','鬼马小女生的另类天空','伍美珍','同心出版社','0000-00-00 00:00:00','鬼马小女生的另类天空','是',17.8,1),('b107','c006','咖啡男孩张晓伟','伍美珍','南海出版社','0000-00-00 00:00:00','咖啡男孩张晓伟','是',16,2),('b108','c006','菠萝女孩项心仪','伍美珍','南海出版社','0000-00-00 00:00:00','菠萝女孩项心仪','是',16,5),('b109','c006','果汁男孩杨自热','伍美珍','南海出版社','0000-00-00 00:00:00','果汁男孩杨自热','是',16,4),('b110','c006','水蓝色女孩皮卡丘','伍美珍','南海出版社','0000-00-00 00:00:00','水蓝色女孩皮卡丘','是',16,4),('b111','c006','默默成长的小南瓜','伍美珍','安徽少年儿童出版社','0000-00-00 00:00:00','默默成长的小南瓜','否',18,0),('b112','c006','快乐糖水的秘密','伍美珍','安徽少年儿童出版社','0000-00-00 00:00:00','快乐糖水的秘密','是',18,2),('b113','c006','兔子的作文发表了','伍美珍','安徽少年儿童出版社','0000-00-00 00:00:00','兔子的作文发表了','是',18,4),('b114','c006','我的另类胖妈妈','伍美珍','安徽少年儿童出版社','0000-00-00 00:00:00','我的另类胖妈妈','否',18,0),('b115','c006','同桌冤家写真本','伍美珍','浙江少儿出版社','0000-00-00 00:00:00','同桌冤家写真本','否',16,0),('b116','c006','同桌冤家插画本','伍美珍','浙江少儿出版社','0000-00-00 00:00:00','同桌冤家插画本','是',16,5),('b117','c006','伊索寓言','伊索','吉林摄影出版社','0000-00-00 00:00:00','伊索寓言','是',29.8,4),('b118','c006','我们班的小童星','伍美珍','明天出版社','0000-00-00 00:00:00','我们班的小童星','是',16,2),('b119','c006','没有秘密长不大','伍美珍','明天出版社','0000-00-00 00:00:00','没有秘密长不大','是',16,5),('b120','c006','杨红樱（魔法老师)','杨红樱','长江文艺出版社','0000-00-00 00:00:00','杨红樱（魔法老师)','否',16.8,0),('b121','c006','杨红樱（脱线妈妈)','杨红樱','长江文艺出版社','0000-00-00 00:00:00','杨红樱（脱线妈妈)','是',16.8,5),('b122','c006','杨红樱（动物篇)','杨红樱','南海出版社','0000-00-00 00:00:00','杨红樱（动物篇)','是',22,2),('b123','c006','杨红樱（写景状物篇)','杨红樱','南海出版社','0000-00-00 00:00:00','杨红樱（写景状物篇)','是',22,1),('b124','c006','杨红樱（人物篇)','杨红樱','南海出版社','0000-00-00 00:00:00','杨红樱（人物篇)','是',22,1),('b125','c006','杨红樱（笑猫日记)','杨红樱','明天出版社','0000-00-00 00:00:00','杨红樱（笑猫日记)','是',15,5),('b126','c006','杨红樱（小女生金贝贝)','杨红樱','明天出版社','0000-00-00 00:00:00','杨红樱（小女生金贝贝)','否',13,0),('b127','c006','杨红樱（小男生杜飞歌)','杨红樱','明天出版社','0000-00-00 00:00:00','杨红樱（小男生杜飞歌)','是',13,3),('b128','c006','勤奋勇敢的100个启发故事','禹田','童心出版社','0000-00-00 00:00:00','勤奋勇敢的100个启发故事','否',22.8,0),('b129','c006','秘密花园','程俊堂','武汉理工大学出版社','0000-00-00 00:00:00','秘密花园','是',19.8,4),('b130','c006','朝花夕拾','鲁迅','教育科学出版社','0000-00-00 00:00:00','朝花夕拾','是',19.8,4),('b131','c006','世界历史大百科','云飞杨','未来出版社','0000-00-00 00:00:00','世界历史大百科','是',29.8,5),('b132','c006','别让情商误了你','李峰','中国长安出版社','0000-00-00 00:00:00','别让情商误了你','是',29.8,3),('b133','c006','我可以战胜自己','徐鲁','湖北美术出版社','0000-00-00 00:00:00','我可以战胜自己','是',19.8,5),('b134','c008','资治通鉴','李敬一','长江少年出版社','0000-00-00 00:00:00','资治通鉴','是',19.8,1),('b135','c004','我可以自己解决烦恼','徐鲁','湖北美术出版社','0000-00-00 00:00:00','我可以自己解决烦恼','是',19.8,3),('b136','c009','人类进化未解之谜','梁冬梅','北方妇女儿童出版社','0000-00-00 00:00:00','人类进化未解之谜','否',29.8,0),('b137','c005','小成语 大历史','安刚','中国电影出版社','0000-00-00 00:00:00','小成语 大历史','是',49.8,3),('b138','c008','当世界年级还小的时候','吕登俊','世界图书出版社','0000-00-00 00:00:00','当世界年级还小的时候','是',22,1),('b139','c006','小金马','李涌','花山文艺出版社','0000-00-00 00:00:00','小金马','否',22,0),('b140','c006','小马倌和“大皮鞋”叔叔','颜一烟','花山文艺出版社','0000-00-00 00:00:00','小马倌和“大皮鞋”叔叔','是',18,4),('b141','c006','富兰克林自传','富兰克林','湖北长江出版集团','0000-00-00 00:00:00','富兰克林自传','是',36,4),('b142','c006','司马迁','邓湘子','浙江少年儿童出版社出版社','0000-00-00 00:00:00','司马迁','否',20,0),('b143','c006','雨果','黄仁科','浙江少年儿童出版社出版社','0000-00-00 00:00:00','雨果','否',20,0),('b144','c006','焦土血港','陈明福','学苑出版社','0000-00-00 00:00:00','焦土血港','是',69,2),('b145','c006','铁关镇海','阎受鹏','学苑出版社','0000-00-00 00:00:00','铁关镇海','否',40,0),('b146','c006','炮殇','杨德昌','学苑出版社','0000-00-00 00:00:00','炮殇','是',48,4),('b147','c006','烟锁虎门','李道明','学苑出版社','0000-00-00 00:00:00','烟锁虎门','是',40,4),('b148','c006','寸金魂','宋树根','学苑出版社','0000-00-00 00:00:00','寸金魂','是',44,3),('b149','c006','潮漫夕阳','周旻','学苑出版社','0000-00-00 00:00:00','潮漫夕阳','是',40,5),('b150','c002','兵殁威海','杨筱憬','学苑出版社','0000-00-00 00:00:00','兵殁威海','是',46,5),('b151','c006','断柱','林道远','学苑出版社','0000-00-00 00:00:00','断柱','是',23,4),('b152','c006','名人传','罗曼罗兰','凤凰出版传媒集团','0000-00-00 00:00:00','名人传','是',20,5),('b153','c006','名人传','罗曼罗兰','时代出版传媒股份有限公司','0000-00-00 00:00:00','名人传','是',20,3),('b154','c006','孟子','孟子','时代出版传媒股份有限公司','0000-00-00 00:00:00','孟子','是',20,4),('b155','c006','老子','老子','时代出版传媒股份有限公司','0000-00-00 00:00:00','老子','是',20,5),('b156','c006','刘胡兰','杏绵','二十一世纪出版社','0000-00-00 00:00:00','刘胡兰','是',17.6,1),('b157','c002','战斗机和攻击机','田战省编','北方妇女儿童出版社','0000-00-00 00:00:00','战斗机和攻击机','是',10.8,2),('b158','c002','毛岸英在朝鲜战场','武立金','作家出版社','0000-00-00 00:00:00','毛岸英在朝鲜战场','是',29,4),('b159','c002','第三军团','张之路','浙江少年儿童出版社','0000-00-00 00:00:00','第三军团','是',21,1),('b160','c002','中原逐鹿','喻晓','湖南少年儿童出版社','0000-00-00 00:00:00','中原逐鹿','是',10,4),('b161','c002','百万雄师过大江','虎郎','湖南少年儿童出版社','0000-00-00 00:00:00','百万雄师过大江','是',6.5,4),('b162','c002','粉碎“囚笼”的搏斗','韶音','湖南少年儿童出版社','0000-00-00 00:00:00','粉碎“囚笼”的搏斗','否',7.5,0),('b163','c002','决战从这里开始','安一','湖南少年儿童出版社','0000-00-00 00:00:00','决战从这里开始','是',8.5,2),('b164','c002','战斗在大江南北','白凡','湖南少年儿童出版社','0000-00-00 00:00:00','战斗在大江南北','是',7.5,1),('b165','c009','挑战科学学习力','彭凡编','安徽科学技术出版社','0000-00-00 00:00:00','挑战科学学习力','是',19.8,1),('b166','c009','发明中的科学少年版','权锗云编','黑龙江科学技术出版社','0000-00-00 00:00:00','发明中的科学少年版','是',19.8,5),('b167','c009','科学在你身边 磁','畲田','北方妇女儿童出版社','0000-00-00 00:00:00','科学在你身边 磁','是',8.8,3),('b168','c009','天差地别--有趣的太空科学实验','沈羡云编','化学工业出版社','0000-00-00 00:00:00','天差地别--有趣的太空科学实验','是',28,3),('b169','c009','奇妙的质量','张九庆编','北京理工大学出版社','0000-00-00 00:00:00','奇妙的质量','是',18,5),('b170','c009',' 奇妙的长度','张九庆编','北京理工大学出版社','0000-00-00 00:00:00',' 奇妙的长度','是',18,3),('b171','c009','奇妙的温度','张九庆编','北京理工大学出版社','0000-00-00 00:00:00','奇妙的温度','否',18,0),('b172','c009','奇妙的时间','张九庆编','北京理工大学出版社','0000-00-00 00:00:00','奇妙的时间','是',18,4),('b173','c011','风云变幻我先知--少年气象学家','王奉安','山东教育出版社','0000-00-00 00:00:00','风云变幻我先知--少年气象学家','是',12,3),('b174','c011','海上四十二天--少年海洋学家','刘兴诗','山东教育出版社','0000-00-00 00:00:00','海上四十二天--少年海洋学家','是',14,3),('b175','c009','走近科学.小学三年级阅读','杨鹏编','安徽少年儿童出版社','0000-00-00 00:00:00','走近科学.小学三年级阅读','是',10,4),('b176','c009','走近科学.小学五年级阅读','杨鹏编','安徽少年儿童出版社','0000-00-00 00:00:00','走近科学.小学五年级阅读','是',10,1),('b177','c009','太空中的未解之谜','马平编','安徽文艺出版社','0000-00-00 00:00:00','太空中的未解之谜','是',13.5,5),('b178','c009','走近科学.小学四年级阅读','杨鹏编','安徽少年儿童出版社','0000-00-00 00:00:00','走近科学.小学四年级阅读','否',10,0),('b179','c009','走近科学.小学六年级阅读','杨鹏编','安徽少年儿童出版社','0000-00-00 00:00:00','走近科学.小学六年级阅读','是',10,4),('b180','c009','自然知识一本通','匡仲萧编','中国时代经济出版社','0000-00-00 00:00:00','自然知识一本通','否',23,0),('b181','c009','科学在你身边 电脑','畲田编','北方妇女儿童出版社','0000-00-00 00:00:00','科学在你身边 电脑','是',8.8,3),('b182','c013','手足口病防治指南','祝益民','湖南科学技术出版社','0000-00-00 00:00:00','手足口病防治指南','否',14,0),('b183','c004','不知道的世界升级版物理篇','赵世洲','中国少年儿童出版社','0000-00-00 00:00:00','不知道的世界升级版物理篇','否',15,0),('b184','c004','不知道的世界升级版天文篇','卞毓麟编','中国少年儿童出版社','0000-00-00 00:00:00','不知道的世界升级版天文篇','否',17,0),('b185','c004','不知道的世界升级版大地海洋篇','郑平编','中国少年儿童出版社','0000-00-00 00:00:00','不知道的世界升级版大地海洋篇','是',15,3),('b186','c004','不知道的世界升级版化学篇','吕志清','中国少年儿童出版社','0000-00-00 00:00:00','不知道的世界升级版化学篇','是',12,3),('b187','c004','不知道的世界升级版植物篇','裘树平','中国少年儿童出版社','0000-00-00 00:00:00','不知道的世界升级版植物篇','否',15,0),('b188','c004','不知道的世界升级版人体篇','谢柏樟','中国少年儿童出版社','0000-00-00 00:00:00','不知道的世界升级版人体篇','是',15,5),('b189','c004','不知道的世界升级版数学篇','李毓佩','中国少年儿童出版社','0000-00-00 00:00:00','不知道的世界升级版数学篇','是',17,2),('b190','c013','克隆：生命科学的复印机','陈大元','少年儿童出版社','0000-00-00 00:00:00','克隆：生命科学的复印机','是',9,2),('b191','c013','病毒：吞噬健康的黑客','邓宏魁','少年儿童出版社','0000-00-00 00:00:00','病毒：吞噬健康的黑客','是',13,1),('b192','c012','动物行为：动物生存的奥秘','尚玉昌','少年儿童出版社','0000-00-00 00:00:00','动物行为：动物生存的奥秘','是',15,4),('b193','c015','生物芯片：生命信息CPU','程京','少年儿童出版社','0000-00-00 00:00:00','生物芯片：生命信息CPU','否',17,0),('b194','c005','掌握点中国诗词曲赋精华','江文编','中国戏剧出版社','0000-00-00 00:00:00','掌握点中国诗词曲赋精华','是',30,2),('b195','c005','唐诗宋词三百首','郭漫编','航空工业出版社','0000-00-00 00:00:00','唐诗宋词三百首','否',19.8,0),('b196','c005','小学生必背优秀古诗词','张艳凯','光明日报出版社','0000-00-00 00:00:00','小学生必背优秀古诗词','是',13,3),('b197','c005','普希金童话诗','普希金','黄山书社','0000-00-00 00:00:00','普希金童话诗','是',10.8,4),('b198','c005','唐诗三百首','赵芳芳编','安徽少年儿童出版社','0000-00-00 00:00:00','唐诗三百首','是',12,2),('b199','c005','小学生必背古诗词70首','赵芳芳编','安徽少年儿童出版社','0000-00-00 00:00:00','小学生必背古诗词70首','是',12,5),('b200','c005','增广贤文','雷海峰编','内蒙古人民出版社','0000-00-00 00:00:00','增广贤文','是',10,4),('b201','c003','公共部门经济学',' 译[英]','中国人民大学出版社','2000-01-01 00:00:00','公共部门经济学','是',60,1),('b202','c003','经济学与播弈理论',' 译[西]','上海人民出版社','2006-01-01 00:00:00','经济学与播弈理论','否',58,0),('b203','c003','技术创新与经济绩效','  译[美]','上海人民出版社','2006-01-01 00:00:00','技术创新与经济绩效','是',60,4),('b204','c003','中国经济周期研究报告','刘树成','社会科学文献出版社','2006-03-01 00:00:00','中国经济周期研究报告','是',48,2),('b205','c003','组织经济学','  译[荷兰]','华夏出版社','2006-01-01 00:00:00','组织经济学','是',29,4);
/*!40000 ALTER TABLE `book` ENABLE KEYS */;
UNLOCK TABLES;

--
-- Table structure for table `bookclass`
--

DROP TABLE IF EXISTS `bookclass`;
/*!40101 SET @saved_cs_client     = @@character_set_client */;
/*!40101 SET character_set_client = utf8 */;
CREATE TABLE `bookclass` (
  `classNo` char(4) NOT NULL,
  `className` varchar(20) NOT NULL,
  PRIMARY KEY (`classNo`)
) ENGINE=InnoDB DEFAULT CHARSET=utf8;
/*!40101 SET character_set_client = @saved_cs_client */;

--
-- Dumping data for table `bookclass`
--

LOCK TABLES `bookclass` WRITE;
/*!40000 ALTER TABLE `bookclass` DISABLE KEYS */;
INSERT INTO `bookclass` VALUES ('c001','政法'),('c002','军事'),('c003','经济'),('c004','文体教育'),('c005','语言'),('c006','文学'),('c007','艺术'),('c008','历史地理'),('c009','自然科学'),('c010','数理化'),('c011','天文地球'),('c012','生物'),('c013','医药'),('c014','农业'),('c015','工业技术'),('c016','交通运输'),('c017','航空航天'),('c018','环境安全'),('c019','他综合');
/*!40000 ALTER TABLE `bookclass` ENABLE KEYS */;
UNLOCK TABLES;

--
-- Table structure for table `borrow`
--

DROP TABLE IF EXISTS `borrow`;
/*!40101 SET @saved_cs_client     = @@character_set_client */;
/*!40101 SET character_set_client = utf8 */;
CREATE TABLE `borrow` (
  `borrowNo` int(11) NOT NULL AUTO_INCREMENT,
  `bookNo` char(4) NOT NULL,
  `readerNo` char(4) NOT NULL,
  `borrowDate` datetime NOT NULL,
  `returnDate` datetime DEFAULT NULL,
  `re_new` char(2) DEFAULT '否',
  `re_turn` char(2) DEFAULT '否',
  PRIMARY KEY (`borrowNo`),
  KEY `FK_Borrow_Reader` (`readerNo`),
  KEY `FK_Borrow_Book` (`bookNo`),
  CONSTRAINT `FK_Borrow_Book` FOREIGN KEY (`bookNo`) REFERENCES `book` (`bookNo`),
  CONSTRAINT `FK_Borrow_Reader` FOREIGN KEY (`readerNo`) REFERENCES `reader` (`readerNo`)
) ENGINE=InnoDB AUTO_INCREMENT=501 DEFAULT CHARSET=utf8;
/*!40101 SET character_set_client = @saved_cs_client */;

--
-- Dumping data for table `borrow`
--

LOCK TABLES `borrow` WRITE;
/*!40000 ALTER TABLE `borrow` DISABLE KEYS */;
INSERT INTO `borrow` VALUES (1,'b042','r086','2017-01-03 00:00:00','2017-04-03 00:00:00','否','是'),(2,'b166','r008','2017-01-10 00:00:00','2017-04-10 00:00:00','否','是'),(3,'b185','r069','2017-01-17 00:00:00','2017-04-17 00:00:00','否','是'),(4,'b139','r015','2017-01-24 00:00:00','2017-04-24 00:00:00','否','是'),(5,'b089','r088','2017-01-31 00:00:00','2017-05-01 00:00:00','否','是'),(6,'b168','r065','2017-02-07 00:00:00','2017-05-08 00:00:00','否','是'),(7,'b114','r045','2017-02-14 00:00:00','2017-05-15 00:00:00','否','是'),(8,'b154','r018','2017-02-21 00:00:00','2017-05-22 00:00:00','是','是'),(9,'b151','r075','2017-02-28 00:00:00','2017-05-29 00:00:00','否','是'),(10,'b196','r029','2017-03-07 00:00:00','2017-06-05 00:00:00','否','是'),(11,'b099','r097','2017-03-14 00:00:00','2017-06-12 00:00:00','否','是'),(12,'b173','r088','2017-03-21 00:00:00','2017-06-19 00:00:00','否','是'),(13,'b160','r029','2017-03-28 00:00:00','2017-06-26 00:00:00','否','是'),(14,'b127','r092','2017-04-04 00:00:00','2017-07-03 00:00:00','否','是'),(15,'b176','r004','2017-04-11 00:00:00','2017-07-10 00:00:00','否','是'),(16,'b030','r086','2017-04-18 00:00:00','2017-07-17 00:00:00','否','是'),(17,'b116','r041','2017-04-25 00:00:00','2017-07-24 00:00:00','否','是'),(18,'b109','r003','2017-05-02 00:00:00','2017-07-31 00:00:00','是','是'),(19,'b001','r010','2017-05-09 00:00:00','2017-08-07 00:00:00','是','是'),(20,'b090','r062','2017-05-16 00:00:00','2017-08-14 00:00:00','否','是'),(21,'b047','r071','2017-05-23 00:00:00','2017-08-21 00:00:00','否','是'),(22,'b081','r049','2017-05-30 00:00:00','2017-08-28 00:00:00','否','是'),(23,'b035','r072','2017-06-06 00:00:00','2017-09-04 00:00:00','否','是'),(24,'b041','r027','2017-06-13 00:00:00','2017-09-11 00:00:00','否','是'),(25,'b175','r022','2017-06-20 00:00:00','2017-09-18 00:00:00','否','是'),(26,'b055','r100','2017-06-27 00:00:00','2017-09-25 00:00:00','否','是'),(27,'b010','r033','2017-07-04 00:00:00','2017-10-02 00:00:00','否','是'),(28,'b164','r030','2017-07-11 00:00:00','2017-10-09 00:00:00','否','是'),(29,'b080','r003','2017-07-18 00:00:00','2017-10-16 00:00:00','否','是'),(30,'b120','r086','2017-07-25 00:00:00','2017-10-23 00:00:00','否','是'),(31,'b059','r082','2017-08-01 00:00:00','2017-10-30 00:00:00','否','是'),(32,'b138','r090','2017-08-08 00:00:00','2017-11-06 00:00:00','否','是'),(33,'b175','r006','2017-08-15 00:00:00','2017-11-13 00:00:00','是','是'),(34,'b134','r077','2017-08-22 00:00:00','2017-11-20 00:00:00','否','是'),(35,'b133','r001','2017-08-29 00:00:00','2017-11-27 00:00:00','否','是'),(36,'b099','r052','2017-09-05 00:00:00','2017-12-04 00:00:00','是','是'),(37,'b122','r009','2017-09-12 00:00:00','2017-12-11 00:00:00','否','是'),(38,'b182','r030','2017-09-19 00:00:00','2017-12-18 00:00:00','否','是'),(39,'b048','r043','2017-09-26 00:00:00','2017-12-25 00:00:00','否','是'),(40,'b025','r029','2017-10-03 00:00:00','2018-01-01 00:00:00','否','是'),(41,'b014','r077','2017-10-10 00:00:00','2018-01-08 00:00:00','否','是'),(42,'b187','r051','2017-10-17 00:00:00','2018-01-15 00:00:00','否','是'),(43,'b084','r093','2017-10-24 00:00:00','2018-01-22 00:00:00','否','是'),(44,'b018','r016','2017-10-31 00:00:00','2018-01-29 00:00:00','否','是'),(45,'b076','r028','2017-11-07 00:00:00','2018-02-05 00:00:00','否','是'),(46,'b033','r080','2017-11-14 00:00:00','2018-02-12 00:00:00','否','是'),(47,'b094','r053','2017-11-21 00:00:00','2018-02-19 00:00:00','否','是'),(48,'b145','r049','2017-11-28 00:00:00','2018-02-26 00:00:00','否','是'),(49,'b188','r029','2017-12-05 00:00:00','2018-03-05 00:00:00','否','是'),(50,'b139','r030','2017-12-12 00:00:00','2018-03-12 00:00:00','是','是'),(51,'b173','r064','2017-12-19 00:00:00','2018-03-19 00:00:00','否','是'),(52,'b079','r052','2017-12-26 00:00:00','2018-03-26 00:00:00','否','是'),(53,'b072','r090','2018-01-02 00:00:00','2018-04-02 00:00:00','否','是'),(54,'b081','r079','2018-01-09 00:00:00','2018-04-09 00:00:00','否','是'),(55,'b040','r024','2018-01-16 00:00:00','2018-04-16 00:00:00','否','是'),(56,'b138','r006','2018-01-23 00:00:00','2018-04-23 00:00:00','否','是'),(57,'b154','r045','2018-01-30 00:00:00','2018-04-30 00:00:00','是','是'),(58,'b003','r075','2018-02-06 00:00:00','2018-05-07 00:00:00','否','是'),(59,'b157','r069','2018-02-13 00:00:00','2018-05-14 00:00:00','否','是'),(60,'b027','r033','2018-02-20 00:00:00','2018-05-21 00:00:00','否','是'),(61,'b003','r018','2018-02-27 00:00:00','2018-05-28 00:00:00','否','是'),(62,'b059','r079','2018-03-06 00:00:00','2018-06-04 00:00:00','否','是'),(63,'b188','r073','2018-03-13 00:00:00','2018-06-11 00:00:00','否','是'),(64,'b002','r009','2018-03-20 00:00:00','2018-06-18 00:00:00','否','是'),(65,'b005','r052','2018-03-27 00:00:00','2018-06-25 00:00:00','否','是'),(66,'b024','r083','2018-04-03 00:00:00','2018-07-02 00:00:00','否','是'),(67,'b132','r028','2018-04-10 00:00:00','2018-07-09 00:00:00','否','是'),(68,'b069','r033','2018-04-17 00:00:00','2018-07-16 00:00:00','否','是'),(69,'b168','r099','2018-04-24 00:00:00','2018-07-23 00:00:00','否','是'),(70,'b114','r089','2018-05-01 00:00:00','2018-07-30 00:00:00','否','是'),(71,'b005','r046','2018-05-08 00:00:00','2018-08-06 00:00:00','否','是'),(72,'b075','r051','2018-05-15 00:00:00','2018-08-13 00:00:00','否','是'),(73,'b070','r100','2018-05-22 00:00:00','2018-08-20 00:00:00','是','是'),(74,'b085','r072','2018-05-29 00:00:00','2018-08-27 00:00:00','否','是'),(75,'b159','r070','2018-06-05 00:00:00','2018-09-03 00:00:00','否','是'),(76,'b121','r006','2018-06-12 00:00:00','2018-09-10 00:00:00','否','是'),(77,'b024','r030','2018-06-19 00:00:00','2018-09-17 00:00:00','否','是'),(78,'b114','r083','2018-06-26 00:00:00','2018-09-24 00:00:00','否','是'),(79,'b064','r028','2018-07-03 00:00:00','2018-10-01 00:00:00','是','是'),(80,'b120','r084','2018-07-10 00:00:00','2018-10-08 00:00:00','否','是'),(81,'b083','r075','2018-07-17 00:00:00','2018-10-15 00:00:00','否','是'),(82,'b130','r002','2018-07-24 00:00:00','2018-10-22 00:00:00','否','是'),(83,'b011','r010','2018-07-31 00:00:00','2018-10-29 00:00:00','否','是'),(84,'b053','r033','2018-08-07 00:00:00','2018-11-05 00:00:00','否','是'),(85,'b188','r016','2018-08-14 00:00:00','2018-11-12 00:00:00','否','是'),(86,'b183','r004','2018-08-21 00:00:00','2018-11-19 00:00:00','否','是'),(87,'b026','r072','2018-08-28 00:00:00','2018-11-26 00:00:00','否','是'),(88,'b033','r027','2018-09-04 00:00:00','2018-12-03 00:00:00','否','是'),(89,'b042','r031','2018-09-11 00:00:00','2018-12-10 00:00:00','否','是'),(90,'b104','r073','2018-09-18 00:00:00','2018-12-17 00:00:00','否','是'),(91,'b072','r052','2018-09-25 00:00:00','2018-12-24 00:00:00','否','是'),(92,'b158','r070','2018-10-02 00:00:00','2018-12-31 00:00:00','是','是'),(93,'b002','r069','2018-10-09 00:00:00','2019-01-07 00:00:00','否','是'),(94,'b121','r055','2018-10-16 00:00:00','2019-01-14 00:00:00','否','是'),(95,'b047','r063','2018-10-23 00:00:00','2019-01-21 00:00:00','是','是'),(96,'b066','r083','2018-10-30 00:00:00','2019-01-28 00:00:00','否','是'),(97,'b013','r066','2018-11-06 00:00:00','2019-02-04 00:00:00','否','是'),(98,'b090','r094','2018-11-13 00:00:00','2019-02-11 00:00:00','否','是'),(99,'b199','r068','2018-11-20 00:00:00','2019-02-18 00:00:00','否','是'),(100,'b106','r026','2018-11-27 00:00:00','2019-02-25 00:00:00','否','是'),(101,'b030','r025','2018-12-04 00:00:00','2019-03-04 00:00:00','否','是'),(102,'b153','r018','2018-12-11 00:00:00','2019-03-11 00:00:00','否','是'),(103,'b102','r005','2018-12-18 00:00:00','2019-03-18 00:00:00','否','是'),(104,'b039','r074','2018-12-25 00:00:00','2019-03-25 00:00:00','否','是'),(105,'b095','r027','2019-01-01 00:00:00','2019-04-01 00:00:00','否','是'),(106,'b191','r027','2019-01-08 00:00:00','2019-04-08 00:00:00','否','是'),(107,'b013','r083','2019-01-15 00:00:00','2019-04-15 00:00:00','否','是'),(108,'b147','r038','2019-01-22 00:00:00','2019-04-22 00:00:00','否','是'),(109,'b138','r099','2019-01-29 00:00:00','2019-04-29 00:00:00','否','是'),(110,'b044','r043','2019-02-05 00:00:00','2019-05-06 00:00:00','否','是'),(111,'b014','r051','2019-02-12 00:00:00','2019-05-13 00:00:00','否','是'),(112,'b040','r047','2019-02-19 00:00:00','2019-05-20 00:00:00','是','是'),(113,'b143','r003','2019-02-26 00:00:00','2019-05-27 00:00:00','否','是'),(114,'b139','r077','2019-03-05 00:00:00','2019-06-03 00:00:00','是','是'),(115,'b088','r053','2019-03-12 00:00:00','2019-06-10 00:00:00','否','是'),(116,'b091','r071','2019-03-19 00:00:00','2019-06-17 00:00:00','否','是'),(117,'b106','r039','2019-03-26 00:00:00','2019-06-24 00:00:00','否','是'),(118,'b112','r018','2019-04-02 00:00:00','2019-07-01 00:00:00','否','是'),(119,'b111','r016','2019-04-09 00:00:00','2019-07-08 00:00:00','否','是'),(120,'b084','r095','2019-04-16 00:00:00','2019-07-15 00:00:00','否','是'),(121,'b180','r053','2019-04-23 00:00:00','2019-07-22 00:00:00','否','是'),(122,'b029','r038','2019-04-30 00:00:00','2019-07-29 00:00:00','否','是'),(123,'b021','r012','2019-05-07 00:00:00','2019-08-05 00:00:00','否','是'),(124,'b125','r095','2019-05-14 00:00:00','2019-08-12 00:00:00','否','是'),(125,'b093','r008','2019-05-21 00:00:00','2019-08-19 00:00:00','否','是'),(126,'b036','r084','2019-05-28 00:00:00','2019-08-26 00:00:00','否','是'),(127,'b146','r002','2019-06-04 00:00:00','2019-09-02 00:00:00','否','是'),(128,'b199','r045','2019-06-11 00:00:00','2019-09-09 00:00:00','否','是'),(129,'b040','r024','2019-06-18 00:00:00','2019-09-16 00:00:00','否','是'),(130,'b040','r008','2019-06-25 00:00:00','2019-09-23 00:00:00','否','是'),(131,'b029','r009','2019-07-02 00:00:00','2019-09-30 00:00:00','否','是'),(132,'b053','r074','2019-07-09 00:00:00','2019-10-07 00:00:00','是','是'),(133,'b050','r070','2019-07-16 00:00:00','2019-10-14 00:00:00','否','是'),(134,'b141','r046','2019-07-23 00:00:00','2019-10-21 00:00:00','否','是'),(135,'b153','r009','2019-07-30 00:00:00','2019-10-28 00:00:00','否','是'),(136,'b058','r094','2019-08-06 00:00:00','2019-11-04 00:00:00','否','是'),(137,'b074','r096','2019-08-13 00:00:00','2019-11-11 00:00:00','否','是'),(138,'b194','r050','2019-08-20 00:00:00','2019-11-18 00:00:00','否','是'),(139,'b114','r065','2017-01-08 00:00:00','2017-04-08 00:00:00','否','是'),(140,'b156','r049','2017-01-16 00:00:00','2017-04-16 00:00:00','否','是'),(141,'b028','r040','2017-01-24 00:00:00','2017-04-24 00:00:00','否','是'),(142,'b043','r045','2017-02-01 00:00:00','2017-05-02 00:00:00','否','是'),(143,'b195','r086','2017-02-09 00:00:00','2017-05-10 00:00:00','否','是'),(144,'b190','r037','2017-02-17 00:00:00','2017-05-18 00:00:00','否','是'),(145,'b196','r016','2017-02-25 00:00:00','2017-05-26 00:00:00','否','是'),(146,'b178','r011','2017-03-05 00:00:00','2017-06-03 00:00:00','否','是'),(147,'b015','r004','2017-03-13 00:00:00','2017-06-11 00:00:00','否','是'),(148,'b123','r088','2017-03-21 00:00:00','2017-06-19 00:00:00','否','是'),(149,'b040','r043','2017-03-29 00:00:00','2017-06-27 00:00:00','是','是'),(150,'b142','r037','2017-04-06 00:00:00','2017-07-05 00:00:00','是','是'),(151,'b050','r074','2017-04-14 00:00:00','2017-07-13 00:00:00','否','是'),(152,'b144','r042','2017-04-22 00:00:00','2017-07-21 00:00:00','否','是'),(153,'b088','r080','2017-04-30 00:00:00','2017-07-29 00:00:00','否','是'),(154,'b076','r025','2017-05-08 00:00:00','2017-08-06 00:00:00','否','是'),(155,'b182','r091','2017-05-16 00:00:00','2017-08-14 00:00:00','否','是'),(156,'b179','r030','2017-05-24 00:00:00','2017-08-22 00:00:00','否','是'),(157,'b144','r046','2017-06-01 00:00:00','2017-08-30 00:00:00','否','是'),(158,'b116','r060','2017-06-09 00:00:00','2017-09-07 00:00:00','否','是'),(159,'b181','r093','2017-06-17 00:00:00','2017-09-15 00:00:00','否','是'),(160,'b186','r018','2017-06-25 00:00:00','2017-09-23 00:00:00','否','是'),(161,'b027','r047','2017-07-03 00:00:00','2017-10-01 00:00:00','否','是'),(162,'b065','r070','2017-07-11 00:00:00','2017-10-09 00:00:00','否','是'),(163,'b125','r040','2017-07-19 00:00:00','2017-10-17 00:00:00','否','是'),(164,'b193','r032','2017-07-27 00:00:00','2017-10-25 00:00:00','否','是'),(165,'b089','r025','2017-08-04 00:00:00','2017-11-02 00:00:00','否','是'),(166,'b186','r085','2017-08-12 00:00:00','2017-11-10 00:00:00','否','是'),(167,'b167','r072','2017-08-20 00:00:00','2017-11-18 00:00:00','否','是'),(168,'b013','r023','2017-08-28 00:00:00','2017-11-26 00:00:00','是','是'),(169,'b181','r044','2017-09-05 00:00:00','2017-12-04 00:00:00','否','是'),(170,'b004','r081','2017-09-13 00:00:00','2017-12-12 00:00:00','否','是'),(171,'b153','r067','2017-09-21 00:00:00','2017-12-20 00:00:00','否','是'),(172,'b176','r054','2017-09-29 00:00:00','2017-12-28 00:00:00','否','是'),(173,'b149','r038','2017-10-07 00:00:00','2018-01-05 00:00:00','否','是'),(174,'b015','r026','2017-10-15 00:00:00','2018-01-13 00:00:00','否','是'),(175,'b054','r092','2017-10-23 00:00:00','2018-01-21 00:00:00','否','是'),(176,'b187','r014','2017-10-31 00:00:00','2018-01-29 00:00:00','否','是'),(177,'b133','r062','2017-11-08 00:00:00','2018-02-06 00:00:00','否','是'),(178,'b109','r086','2017-11-16 00:00:00','2018-02-14 00:00:00','否','是'),(179,'b148','r094','2017-11-24 00:00:00','2018-02-22 00:00:00','否','是'),(180,'b150','r076','2017-12-02 00:00:00','2018-03-02 00:00:00','否','是'),(181,'b157','r065','2017-12-10 00:00:00','2018-03-10 00:00:00','否','是'),(182,'b041','r044','2017-12-18 00:00:00','2018-03-18 00:00:00','否','是'),(183,'b099','r024','2017-12-26 00:00:00','2018-03-26 00:00:00','否','是'),(184,'b013','r025','2018-01-03 00:00:00','2018-04-03 00:00:00','否','是'),(185,'b156','r005','2018-01-11 00:00:00','2018-04-11 00:00:00','否','是'),(186,'b003','r079','2018-01-19 00:00:00','2018-04-19 00:00:00','否','是'),(187,'b085','r069','2018-01-27 00:00:00','2018-04-27 00:00:00','是','是'),(188,'b180','r052','2018-02-04 00:00:00','2018-05-05 00:00:00','否','是'),(189,'b157','r084','2018-02-12 00:00:00','2018-05-13 00:00:00','否','是'),(190,'b173','r032','2018-02-20 00:00:00','2018-05-21 00:00:00','否','是'),(191,'b035','r021','2018-02-28 00:00:00','2018-05-29 00:00:00','是','是'),(192,'b143','r008','2018-03-08 00:00:00','2018-06-06 00:00:00','否','是'),(193,'b045','r064','2018-03-16 00:00:00','2018-06-14 00:00:00','否','是'),(194,'b111','r043','2018-03-24 00:00:00','2018-06-22 00:00:00','否','是'),(195,'b047','r035','2018-04-01 00:00:00','2018-06-30 00:00:00','是','是'),(196,'b176','r073','2018-04-09 00:00:00','2018-07-08 00:00:00','否','是'),(197,'b146','r027','2018-04-17 00:00:00','2018-07-16 00:00:00','否','是'),(198,'b100','r054','2018-04-25 00:00:00','2018-07-24 00:00:00','否','是'),(199,'b183','r024','2018-05-03 00:00:00','2018-08-01 00:00:00','否','是'),(200,'b094','r087','2018-05-11 00:00:00','2018-08-09 00:00:00','否','是'),(201,'b127','r088','2018-05-19 00:00:00','2018-08-17 00:00:00','否','是'),(202,'b124','r066','2018-05-27 00:00:00','2018-08-25 00:00:00','否','是'),(203,'b178','r057','2018-06-04 00:00:00','2018-09-02 00:00:00','否','是'),(204,'b162','r080','2018-06-12 00:00:00','2018-09-10 00:00:00','否','是'),(205,'b034','r066','2018-06-20 00:00:00','2018-09-18 00:00:00','否','是'),(206,'b121','r056','2018-06-28 00:00:00','2018-09-26 00:00:00','否','是'),(207,'b153','r086','2018-07-06 00:00:00','2018-10-04 00:00:00','否','是'),(208,'b104','r095','2018-07-14 00:00:00','2018-10-12 00:00:00','否','是'),(209,'b170','r094','2018-07-22 00:00:00','2018-10-20 00:00:00','否','是'),(210,'b146','r049','2018-07-30 00:00:00','2018-10-28 00:00:00','是','是'),(211,'b003','r099','2018-08-07 00:00:00','2018-11-05 00:00:00','否','是'),(212,'b185','r091','2018-08-15 00:00:00','2018-11-13 00:00:00','是','是'),(213,'b008','r042','2018-08-23 00:00:00','2018-11-21 00:00:00','否','是'),(214,'b023','r025','2018-08-31 00:00:00','2018-11-29 00:00:00','否','是'),(215,'b071','r047','2018-09-08 00:00:00','2018-12-07 00:00:00','否','是'),(216,'b002','r092','2018-09-16 00:00:00','2018-12-15 00:00:00','否','是'),(217,'b009','r025','2018-09-24 00:00:00','2018-12-23 00:00:00','否','是'),(218,'b126','r016','2018-10-02 00:00:00','2018-12-31 00:00:00','否','是'),(219,'b104','r013','2018-10-10 00:00:00','2019-01-08 00:00:00','否','是'),(220,'b066','r091','2018-10-18 00:00:00','2019-01-16 00:00:00','否','是'),(221,'b047','r096','2018-10-26 00:00:00','2019-01-24 00:00:00','否','是'),(222,'b174','r074','2018-11-03 00:00:00','2019-02-01 00:00:00','否','是'),(223,'b068','r041','2018-11-11 00:00:00','2019-02-09 00:00:00','否','是'),(224,'b063','r085','2018-11-19 00:00:00','2019-02-17 00:00:00','否','是'),(225,'b162','r009','2018-11-27 00:00:00','2019-02-25 00:00:00','是','是'),(226,'b064','r044','2018-12-05 00:00:00','2019-03-05 00:00:00','否','是'),(227,'b115','r028','2018-12-13 00:00:00','2019-03-13 00:00:00','否','是'),(228,'b142','r016','2018-12-21 00:00:00','2019-03-21 00:00:00','否','是'),(229,'b055','r038','2018-12-29 00:00:00','2019-03-29 00:00:00','否','是'),(230,'b130','r028','2019-01-06 00:00:00','2019-04-06 00:00:00','否','是'),(231,'b109','r045','2019-01-14 00:00:00','2019-04-14 00:00:00','是','是'),(232,'b087','r031','2019-01-22 00:00:00','2019-04-22 00:00:00','否','是'),(233,'b058','r043','2019-01-30 00:00:00','2019-04-30 00:00:00','否','是'),(234,'b064','r041','2019-02-07 00:00:00','2019-05-08 00:00:00','否','是'),(235,'b164','r094','2019-02-15 00:00:00','2019-05-16 00:00:00','否','是'),(236,'b145','r005','2019-02-23 00:00:00','2019-05-24 00:00:00','否','是'),(237,'b021','r096','2019-03-03 00:00:00','2019-06-01 00:00:00','否','是'),(238,'b053','r033','2019-03-11 00:00:00','2019-06-09 00:00:00','否','是'),(239,'b185','r089','2019-03-19 00:00:00','2019-06-17 00:00:00','否','是'),(240,'b140','r044','2019-03-27 00:00:00','2019-06-25 00:00:00','否','是'),(241,'b106','r084','2019-04-04 00:00:00','2019-07-03 00:00:00','否','是'),(242,'b097','r041','2019-04-12 00:00:00','2019-07-11 00:00:00','否','是'),(243,'b158','r025','2019-04-20 00:00:00','2019-07-19 00:00:00','是','是'),(244,'b104','r068','2019-04-28 00:00:00','2019-07-27 00:00:00','否','是'),(245,'b096','r053','2019-05-06 00:00:00','2019-08-04 00:00:00','否','是'),(246,'b189','r071','2019-05-14 00:00:00','2019-08-12 00:00:00','否','是'),(247,'b160','r039','2019-05-22 00:00:00','2019-08-20 00:00:00','否','是'),(248,'b042','r076','2019-05-30 00:00:00','2019-08-28 00:00:00','否','是'),(249,'b127','r003','2019-06-07 00:00:00','2019-09-05 00:00:00','是','是'),(250,'b191','r001','2019-06-15 00:00:00','2019-09-13 00:00:00','否','是'),(251,'b118','r041','2019-06-23 00:00:00','2019-09-21 00:00:00','否','是'),(252,'b097','r077','2019-07-01 00:00:00','2019-09-29 00:00:00','否','是'),(253,'b028','r017','2019-07-09 00:00:00','2019-10-07 00:00:00','否','是'),(254,'b060','r005','2019-07-17 00:00:00','2019-10-15 00:00:00','否','是'),(255,'b035','r058','2019-07-25 00:00:00','2019-10-23 00:00:00','否','是'),(256,'b110','r003','2019-08-02 00:00:00','2019-10-31 00:00:00','否','是'),(257,'b089','r100','2019-08-10 00:00:00','2019-11-08 00:00:00','否','是'),(258,'b070','r072','2019-08-18 00:00:00','2019-11-16 00:00:00','否','是'),(259,'b045','r033','2019-08-26 00:00:00','2019-11-24 00:00:00','否','是'),(260,'b096','r070','2019-09-03 00:00:00','2019-12-02 00:00:00','否','是'),(261,'b067','r016','2019-09-11 00:00:00','2019-12-10 00:00:00','否','是'),(262,'b026','r092','2017-01-17 00:00:00','2017-04-17 00:00:00','否','是'),(263,'b056','r020','2017-01-26 00:00:00','2017-04-26 00:00:00','否','是'),(264,'b059','r064','2017-02-04 00:00:00','2017-05-05 00:00:00','否','是'),(265,'b165','r081','2017-02-13 00:00:00','2017-05-14 00:00:00','否','是'),(266,'b016','r049','2017-02-22 00:00:00','2017-05-23 00:00:00','是','是'),(267,'b132','r009','2017-03-03 00:00:00','2017-06-01 00:00:00','否','是'),(268,'b034','r046','2017-03-12 00:00:00','2017-06-10 00:00:00','否','是'),(269,'b135','r054','2017-03-21 00:00:00','2017-06-19 00:00:00','否','是'),(270,'b185','r039','2017-03-30 00:00:00','2017-06-28 00:00:00','否','是'),(271,'b127','r029','2017-04-08 00:00:00','2017-07-07 00:00:00','否','是'),(272,'b118','r011','2017-04-17 00:00:00','2017-07-16 00:00:00','否','是'),(273,'b002','r091','2017-04-26 00:00:00','2017-07-25 00:00:00','否','是'),(274,'b120','r054','2017-05-05 00:00:00','2017-08-03 00:00:00','是','是'),(275,'b180','r029','2017-05-14 00:00:00','2017-08-12 00:00:00','否','是'),(276,'b110','r014','2017-05-23 00:00:00','2017-08-21 00:00:00','否','是'),(277,'b013','r050','2017-06-01 00:00:00','2017-08-30 00:00:00','否','是'),(278,'b127','r074','2017-06-10 00:00:00','2017-09-08 00:00:00','否','是'),(279,'b049','r009','2017-06-19 00:00:00','2017-09-17 00:00:00','否','是'),(280,'b080','r090','2017-06-28 00:00:00','2017-09-26 00:00:00','否','是'),(281,'b026','r016','2017-07-07 00:00:00','2017-10-05 00:00:00','否','是'),(282,'b187','r052','2017-07-16 00:00:00','2017-10-14 00:00:00','否','是'),(283,'b096','r081','2017-07-25 00:00:00','2017-10-23 00:00:00','否','是'),(284,'b192','r098','2017-08-03 00:00:00','2017-11-01 00:00:00','否','是'),(285,'b097','r066','2017-08-12 00:00:00','2017-11-10 00:00:00','否','是'),(286,'b103','r090','2017-08-21 00:00:00','2017-11-19 00:00:00','否','是'),(287,'b070','r016','2017-08-30 00:00:00','2017-11-28 00:00:00','否','是'),(288,'b117','r031','2017-09-08 00:00:00','2017-12-07 00:00:00','否','是'),(289,'b129','r091','2017-09-17 00:00:00','2017-12-16 00:00:00','是','是'),(290,'b150','r058','2017-09-26 00:00:00','2017-12-25 00:00:00','否','是'),(291,'b087','r001','2017-10-05 00:00:00','2018-01-03 00:00:00','否','是'),(292,'b004','r054','2017-10-14 00:00:00','2018-01-12 00:00:00','否','是'),(293,'b134','r037','2017-10-23 00:00:00','2018-01-21 00:00:00','否','是'),(294,'b078','r056','2017-11-01 00:00:00','2018-01-30 00:00:00','否','是'),(295,'b039','r053','2017-11-10 00:00:00','2018-02-08 00:00:00','是','是'),(296,'b020','r095','2017-11-19 00:00:00','2018-02-17 00:00:00','否','是'),(297,'b149','r066','2017-11-28 00:00:00','2018-02-26 00:00:00','否','是'),(298,'b148','r072','2017-12-07 00:00:00','2018-03-07 00:00:00','否','是'),(299,'b023','r079','2017-12-16 00:00:00','2018-03-16 00:00:00','否','是'),(300,'b039','r089','2017-12-25 00:00:00','2018-03-25 00:00:00','否','是'),(301,'b053','r001','2018-01-03 00:00:00','2018-04-03 00:00:00','否','是'),(302,'b196','r037','2018-01-12 00:00:00','2018-04-12 00:00:00','否','是'),(303,'b122','r043','2018-01-21 00:00:00','2018-04-21 00:00:00','否','是'),(304,'b148','r052','2018-01-30 00:00:00','2018-04-30 00:00:00','否','是'),(305,'b158','r052','2018-02-08 00:00:00','2018-05-09 00:00:00','否','是'),(306,'b042','r029','2018-02-17 00:00:00','2018-05-18 00:00:00','是','是'),(307,'b124','r032','2018-02-26 00:00:00','2018-05-27 00:00:00','否','是'),(308,'b029','r007','2018-03-07 00:00:00','2018-06-05 00:00:00','否','是'),(309,'b067','r092','2018-03-16 00:00:00','2018-06-14 00:00:00','否','是'),(310,'b138','r100','2018-03-25 00:00:00','2018-06-23 00:00:00','否','是'),(311,'b031','r059','2018-04-03 00:00:00','2018-07-02 00:00:00','否','是'),(312,'b113','r045','2018-04-12 00:00:00','2018-07-11 00:00:00','否','是'),(313,'b057','r046','2018-04-21 00:00:00','2018-07-20 00:00:00','是','是'),(314,'b136','r094','2018-04-30 00:00:00','2018-07-29 00:00:00','否','是'),(315,'b105','r078','2018-05-09 00:00:00','2018-08-07 00:00:00','否','是'),(316,'b066','r069','2018-05-18 00:00:00','2018-08-16 00:00:00','否','是'),(317,'b103','r070','2018-05-27 00:00:00','2018-08-25 00:00:00','否','是'),(318,'b057','r006','2018-06-05 00:00:00','2018-09-03 00:00:00','否','是'),(319,'b090','r072','2018-06-14 00:00:00','2018-09-12 00:00:00','否','是'),(320,'b197','r078','2018-06-23 00:00:00','2018-09-21 00:00:00','否','是'),(321,'b014','r079','2018-07-02 00:00:00','2018-09-30 00:00:00','否','是'),(322,'b012','r079','2018-07-11 00:00:00','2018-10-09 00:00:00','否','是'),(323,'b115','r057','2018-07-20 00:00:00','2018-10-18 00:00:00','否','是'),(324,'b105','r098','2018-07-29 00:00:00','2018-10-27 00:00:00','否','是'),(325,'b167','r023','2018-08-07 00:00:00','2018-11-05 00:00:00','是','是'),(326,'b197','r061','2018-08-16 00:00:00','2018-11-14 00:00:00','否','是'),(327,'b111','r079','2018-08-25 00:00:00','2018-11-23 00:00:00','否','是'),(328,'b121','r094','2018-09-03 00:00:00','2018-12-02 00:00:00','否','是'),(329,'b171','r063','2018-09-12 00:00:00','2018-12-11 00:00:00','否','是'),(330,'b192','r052','2018-09-21 00:00:00','2018-12-20 00:00:00','否','是'),(331,'b141','r080','2018-09-30 00:00:00','2018-12-29 00:00:00','否','是'),(332,'b176','r031','2018-10-09 00:00:00','2019-01-07 00:00:00','否','是'),(333,'b156','r079','2018-10-18 00:00:00','2019-01-16 00:00:00','否','是'),(334,'b156','r014','2018-10-27 00:00:00','2019-01-25 00:00:00','否','是'),(335,'b163','r054','2018-11-05 00:00:00','2019-02-03 00:00:00','否','是'),(336,'b034','r066','2018-11-14 00:00:00','2019-02-12 00:00:00','否','是'),(337,'b062','r059','2018-11-23 00:00:00','2019-02-21 00:00:00','否','是'),(338,'b109','r068','2018-12-02 00:00:00','2019-03-02 00:00:00','否','是'),(339,'b189','r100','2018-12-11 00:00:00','2019-03-11 00:00:00','是','是'),(340,'b061','r041','2018-12-20 00:00:00','2019-03-20 00:00:00','否','是'),(341,'b143','r060','2018-12-29 00:00:00','2019-03-29 00:00:00','否','是'),(342,'b091','r074','2019-01-07 00:00:00','2019-04-07 00:00:00','否','是'),(343,'b164','r084','2019-01-16 00:00:00','2019-04-16 00:00:00','否','是'),(344,'b005','r055','2019-01-25 00:00:00','2019-04-25 00:00:00','否','是'),(345,'b042','r056','2019-02-03 00:00:00','2019-05-04 00:00:00','是','是'),(346,'b144','r083','2019-02-12 00:00:00','2019-05-13 00:00:00','否','是'),(347,'b149','r002','2019-02-21 00:00:00','2019-05-22 00:00:00','否','是'),(348,'b048','r067','2019-03-02 00:00:00','2019-05-31 00:00:00','否','是'),(349,'b010','r042','2019-03-11 00:00:00','2019-06-09 00:00:00','否','是'),(350,'b063','r042','2019-03-20 00:00:00','2019-06-18 00:00:00','否','是'),(351,'b181','r064','2019-03-29 00:00:00','2019-06-27 00:00:00','否','是'),(352,'b098','r009','2019-04-07 00:00:00','2019-07-06 00:00:00','否','是'),(353,'b159','r046','2019-04-16 00:00:00','2019-07-15 00:00:00','否','是'),(354,'b083','r033','2019-04-25 00:00:00','2019-07-24 00:00:00','否','是'),(355,'b070','r039','2019-05-04 00:00:00','2019-08-02 00:00:00','否','是'),(356,'b128','r036','2019-05-13 00:00:00','2019-08-11 00:00:00','否','是'),(357,'b149','r048','2019-05-22 00:00:00','2019-08-20 00:00:00','否','是'),(358,'b192','r024','2019-05-31 00:00:00','2019-08-29 00:00:00','否','是'),(359,'b003','r001','2019-06-09 00:00:00','2019-09-07 00:00:00','否','是'),(360,'b126','r038','2019-06-18 00:00:00','2019-09-16 00:00:00','否','是'),(361,'b008','r013','2019-06-27 00:00:00','2019-09-25 00:00:00','是','是'),(362,'b113','r087','2019-07-06 00:00:00','2019-10-04 00:00:00','否','是'),(363,'b148','r079','2019-07-15 00:00:00','2019-10-13 00:00:00','否','是'),(364,'b094','r080','2019-07-24 00:00:00','2019-10-22 00:00:00','否','是'),(365,'b040','r023','2019-08-02 00:00:00','2019-10-31 00:00:00','是','是'),(366,'b192','r008','2019-08-11 00:00:00','2019-11-09 00:00:00','否','是'),(367,'b134','r010','2019-08-20 00:00:00','2019-11-18 00:00:00','否','是'),(368,'b036','r032','2019-08-29 00:00:00','2019-11-27 00:00:00','否','是'),(369,'b047','r038','2019-09-07 00:00:00','2019-12-06 00:00:00','否','是'),(370,'b134','r067','2019-09-16 00:00:00','2019-12-15 00:00:00','否','是'),(371,'b105','r099','2019-09-25 00:00:00','2019-12-24 00:00:00','否','是'),(372,'b058','r017','2017-01-23 00:00:00','2017-04-23 00:00:00','否','是'),(373,'b102','r044','2017-01-29 00:00:00','2017-04-29 00:00:00','否','是'),(374,'b011','r064','2017-02-04 00:00:00','2017-05-05 00:00:00','否','是'),(375,'b172','r069','2017-02-10 00:00:00','2017-05-11 00:00:00','否','是'),(376,'b005','r092','2017-02-16 00:00:00','2017-05-17 00:00:00','否','是'),(377,'b097','r010','2017-02-22 00:00:00','2017-05-23 00:00:00','否','是'),(378,'b118','r005','2017-02-28 00:00:00','2017-05-29 00:00:00','否','是'),(379,'b004','r072','2017-03-06 00:00:00','2017-06-04 00:00:00','否','是'),(380,'b073','r046','2017-03-12 00:00:00','2017-06-10 00:00:00','否','是'),(381,'b097','r100','2017-03-18 00:00:00','2017-06-16 00:00:00','否','是'),(382,'b160','r043','2017-03-24 00:00:00','2017-06-22 00:00:00','是','是'),(383,'b133','r005','2017-03-30 00:00:00','2017-06-28 00:00:00','否','是'),(384,'b083','r038','2017-04-05 00:00:00','2017-07-04 00:00:00','否','是'),(385,'b164','r007','2017-04-11 00:00:00','2017-07-10 00:00:00','否','是'),(386,'b105','r061','2017-04-17 00:00:00','2017-07-16 00:00:00','是','是'),(387,'b148','r050','2017-04-23 00:00:00','2017-07-22 00:00:00','否','是'),(388,'b116','r013','2017-04-29 00:00:00','2017-07-28 00:00:00','否','是'),(389,'b105','r073','2017-05-05 00:00:00','2017-08-03 00:00:00','否','是'),(390,'b039','r069','2017-05-11 00:00:00','2017-08-09 00:00:00','否','是'),(391,'b171','r039','2017-05-17 00:00:00','2017-08-15 00:00:00','否','是'),(392,'b186','r064','2017-05-23 00:00:00','2017-08-21 00:00:00','否','是'),(393,'b004','r095','2017-05-29 00:00:00','2017-08-27 00:00:00','否','是'),(394,'b069','r023','2017-06-04 00:00:00','2017-09-02 00:00:00','否','是'),(395,'b006','r012','2017-06-10 00:00:00','2017-09-08 00:00:00','否','是'),(396,'b037','r059','2017-06-16 00:00:00','2017-09-14 00:00:00','否','是'),(397,'b079','r006','2017-06-22 00:00:00','2017-09-20 00:00:00','否','是'),(398,'b174','r004','2017-06-28 00:00:00','2017-09-26 00:00:00','否','是'),(399,'b037','r066','2017-07-04 00:00:00','2017-10-02 00:00:00','否','是'),(400,'b056','r041','2017-07-10 00:00:00','2017-10-08 00:00:00','是','是'),(401,'b104','r075','2017-07-16 00:00:00','2017-10-14 00:00:00','否','是'),(402,'b094','r097','2017-07-22 00:00:00','2017-10-20 00:00:00','否','是'),(403,'b027','r014','2017-07-28 00:00:00','2017-10-26 00:00:00','否','是'),(404,'b013','r021','2017-08-03 00:00:00','2017-11-01 00:00:00','否','是'),(405,'b173','r095','2017-08-09 00:00:00','2017-11-07 00:00:00','否','是'),(406,'b197','r026','2017-08-15 00:00:00','2017-11-13 00:00:00','否','是'),(407,'b116','r072','2017-08-21 00:00:00','2017-11-19 00:00:00','否','是'),(408,'b037','r059','2017-08-27 00:00:00','2017-11-25 00:00:00','否','是'),(409,'b012','r059','2017-09-02 00:00:00','2017-12-01 00:00:00','是','是'),(410,'b099','r051','2017-09-08 00:00:00','2017-12-07 00:00:00','否','是'),(411,'b057','r066','2017-09-14 00:00:00','2017-12-13 00:00:00','否','是'),(412,'b147','r050','2017-09-20 00:00:00','2017-12-19 00:00:00','否','是'),(413,'b161','r082','2017-09-26 00:00:00','2017-12-25 00:00:00','否','是'),(414,'b192','r015','2017-10-02 00:00:00','2017-12-31 00:00:00','否','是'),(415,'b002','r100','2017-10-08 00:00:00','2018-01-06 00:00:00','否','是'),(416,'b184','r002','2017-10-14 00:00:00','2018-01-12 00:00:00','否','是'),(417,'b105','r005','2017-10-20 00:00:00','2018-01-18 00:00:00','否','是'),(418,'b016','r066','2017-10-26 00:00:00','2018-01-24 00:00:00','否','是'),(419,'b140','r021','2017-11-01 00:00:00','2018-01-30 00:00:00','否','是'),(420,'b129','r066','2017-11-07 00:00:00','2018-02-05 00:00:00','否','是'),(421,'b196','r048','2017-11-13 00:00:00','2018-02-11 00:00:00','是','是'),(422,'b190','r062','2017-11-19 00:00:00','2018-02-17 00:00:00','否','是'),(423,'b171','r020','2017-11-25 00:00:00','2018-02-23 00:00:00','否','是'),(424,'b142','r099','2017-12-01 00:00:00','2018-03-01 00:00:00','否','是'),(425,'b102','r073','2017-12-07 00:00:00','2018-03-07 00:00:00','否','是'),(426,'b152','r002','2017-12-13 00:00:00','2018-03-13 00:00:00','否','是'),(427,'b159','r079','2017-12-19 00:00:00','2018-03-19 00:00:00','是','是'),(428,'b154','r012','2017-12-25 00:00:00','2018-03-25 00:00:00','否','是'),(429,'b149','r078','2017-12-31 00:00:00','2018-03-31 00:00:00','否','是'),(430,'b007','r049','2018-01-06 00:00:00','2018-04-06 00:00:00','否','是'),(431,'b016','r050','2018-01-12 00:00:00','2018-04-12 00:00:00','否','是'),(432,'b060','r018','2018-01-18 00:00:00','2018-04-18 00:00:00','否','是'),(433,'b063','r023','2018-01-24 00:00:00','2018-04-24 00:00:00','否','是'),(434,'b057','r025','2018-01-30 00:00:00','2018-04-30 00:00:00','否','是'),(435,'b175','r044','2018-02-05 00:00:00','2018-05-06 00:00:00','否','是'),(436,'b131','r094','2018-02-11 00:00:00','2018-05-12 00:00:00','否','是'),(437,'b182','r032','2018-02-17 00:00:00','2018-05-18 00:00:00','否','是'),(438,'b023','r029','2018-02-23 00:00:00','2018-05-24 00:00:00','否','是'),(439,'b167','r075','2018-03-01 00:00:00','2018-05-30 00:00:00','是','是'),(440,'b130','r072','2018-03-07 00:00:00','2018-06-05 00:00:00','否','是'),(441,'b144','r003','2018-03-13 00:00:00','2018-06-11 00:00:00','否','是'),(442,'b050','r017','2018-03-19 00:00:00','2018-06-17 00:00:00','否','是'),(443,'b151','r030','2018-03-25 00:00:00','2018-06-23 00:00:00','否','是'),(444,'b131','r049','2018-03-31 00:00:00','2018-06-29 00:00:00','否','是'),(445,'b165','r025','2018-04-06 00:00:00','2018-07-05 00:00:00','否','是'),(446,'b094','r080','2018-04-12 00:00:00','2018-07-11 00:00:00','是','是'),(447,'b025','r057','2018-04-18 00:00:00','2018-07-17 00:00:00','否','是'),(448,'b074','r029','2018-04-24 00:00:00','2018-07-23 00:00:00','否','是'),(449,'b136','r098','2018-04-30 00:00:00','2018-07-29 00:00:00','否','是'),(450,'b159','r066','2018-05-06 00:00:00','2018-08-04 00:00:00','否','是'),(451,'b053','r030','2018-05-12 00:00:00','2018-08-10 00:00:00','否','是'),(452,'b124','r085','2018-05-18 00:00:00','2018-08-16 00:00:00','否','是'),(453,'b198','r100','2018-05-24 00:00:00','2018-08-22 00:00:00','否','是'),(454,'b103','r071','2018-05-30 00:00:00','2018-08-28 00:00:00','否','是'),(455,'b182','r050','2018-06-05 00:00:00','2018-09-03 00:00:00','否','是'),(456,'b155','r010','2018-06-11 00:00:00','2018-09-09 00:00:00','否','是'),(457,'b141','r094','2018-06-17 00:00:00','2018-09-15 00:00:00','否','是'),(458,'b185','r066','2018-06-23 00:00:00','2018-09-21 00:00:00','否','是'),(459,'b033','r012','2018-06-29 00:00:00','2018-09-27 00:00:00','否','是'),(460,'b067','r018','2018-07-05 00:00:00','2018-10-03 00:00:00','否','是'),(461,'b086','r041','2018-07-11 00:00:00','2018-10-09 00:00:00','否','是'),(462,'b179','r065','2018-07-17 00:00:00','2018-10-15 00:00:00','否','是'),(463,'b179','r042','2018-07-23 00:00:00','2018-10-21 00:00:00','是','是'),(464,'b010','r003','2018-07-29 00:00:00','2018-10-27 00:00:00','否','是'),(465,'b010','r020','2018-08-04 00:00:00','2018-11-02 00:00:00','否','是'),(466,'b021','r090','2018-08-10 00:00:00','2018-11-08 00:00:00','否','是'),(467,'b132','r073','2018-08-16 00:00:00','2018-11-14 00:00:00','否','是'),(468,'b079','r056','2018-08-22 00:00:00','2018-11-20 00:00:00','否','是'),(469,'b154','r019','2018-08-28 00:00:00','2018-11-26 00:00:00','否','是'),(470,'b166','r077','2018-09-03 00:00:00','2018-12-02 00:00:00','是','是'),(471,'b018','r082','2018-09-09 00:00:00','2018-12-08 00:00:00','否','是'),(472,'b164','r090','2018-09-15 00:00:00','2018-12-14 00:00:00','否','是'),(473,'b032','r062','2018-09-21 00:00:00','2018-12-20 00:00:00','否','是'),(474,'b173','r086','2018-09-27 00:00:00','2018-12-26 00:00:00','否','是'),(475,'b121','r021','2018-10-03 00:00:00','2019-01-01 00:00:00','否','是'),(476,'b157','r052','2018-10-09 00:00:00','2019-01-07 00:00:00','否','是'),(477,'b181','r048','2018-10-15 00:00:00','2019-01-13 00:00:00','否','是'),(478,'b184','r017','2018-10-21 00:00:00','2019-01-19 00:00:00','否','是'),(479,'b090','r005','2018-10-27 00:00:00','2019-01-25 00:00:00','否','是'),(480,'b181','r013','2018-11-02 00:00:00','2019-01-31 00:00:00','否','是'),(481,'b045','r037','2018-11-08 00:00:00','2019-02-06 00:00:00','否','是'),(482,'b123','r034','2018-11-14 00:00:00','2019-02-12 00:00:00','否','是'),(483,'b108','r054','2018-11-20 00:00:00','2019-02-18 00:00:00','否','是'),(484,'b118','r028','2018-11-26 00:00:00','2019-02-24 00:00:00','是','是'),(485,'b138','r079','2018-12-02 00:00:00','2019-03-02 00:00:00','否','是'),(486,'b175','r001','2018-12-08 00:00:00','2019-03-08 00:00:00','否','是'),(487,'b139','r087','2018-12-14 00:00:00','2019-03-14 00:00:00','否','是'),(488,'b019','r001','2018-12-20 00:00:00','2019-03-20 00:00:00','否','是'),(489,'b130','r014','2018-12-26 00:00:00','2019-03-26 00:00:00','否','是'),(490,'b106','r028','2019-01-01 00:00:00','2019-04-01 00:00:00','否','是'),(491,'b017','r098','2019-01-07 00:00:00','2019-04-07 00:00:00','否','是'),(492,'b071','r012','2019-01-13 00:00:00','2019-04-13 00:00:00','否','是'),(493,'b058','r096','2019-01-19 00:00:00','2019-04-19 00:00:00','否','是'),(494,'b055','r085','2019-01-25 00:00:00','2019-04-25 00:00:00','否','是'),(495,'b089','r007','2019-01-31 00:00:00','2019-05-01 00:00:00','否','是'),(496,'b071','r041','2019-02-06 00:00:00','2019-05-07 00:00:00','否','是'),(497,'b079','r031','2019-02-12 00:00:00','2019-05-13 00:00:00','否','是'),(498,'b032','r079','2019-02-18 00:00:00','2019-05-19 00:00:00','否','是'),(499,'b111','r096','2019-02-24 00:00:00','2019-05-25 00:00:00','否','是'),(500,'b005','r001','2022-02-23 00:00:00',NULL,'否','否');
/*!40000 ALTER TABLE `borrow` ENABLE KEYS */;
UNLOCK TABLES;
/*!50003 SET @saved_cs_client      = @@character_set_client */ ;
/*!50003 SET @saved_cs_results     = @@character_set_results */ ;
/*!50003 SET @saved_col_connection = @@collation_connection */ ;
/*!50003 SET character_set_client  = utf8 */ ;
/*!50003 SET character_set_results = utf8 */ ;
/*!50003 SET collation_connection  = utf8_general_ci */ ;
/*!50003 SET @saved_sql_mode       = @@sql_mode */ ;
/*!50003 SET sql_mode              = '' */ ;
DELIMITER ;;
/*!50003 CREATE*/ /*!50017 DEFINER=`root`@`localhost`*/ /*!50003 trigger tr_borrowBook before insert 
    on borrow for each row
begin
  declare v_num int;    
  select number into v_num from book where bookNo=new.bookNo;
  if v_num>0 then 
     update book set number=number-1 where bookNo=new.bookNo;
     update reader set borrowAdd=borrowAdd+1 where readerNo=new.readerNo;
     if v_num=1 then update book set onShelf='否' where bookNo=new.bookNo;
     end if;
  else
     signal sqlstate '40001' set message_text="book number is zero!!!";
  end if;
end */;;
DELIMITER ;
/*!50003 SET sql_mode              = @saved_sql_mode */ ;
/*!50003 SET character_set_client  = @saved_cs_client */ ;
/*!50003 SET character_set_results = @saved_cs_results */ ;
/*!50003 SET collation_connection  = @saved_col_connection */ ;
/*!50003 SET @saved_cs_client      = @@character_set_client */ ;
/*!50003 SET @saved_cs_results     = @@character_set_results */ ;
/*!50003 SET @saved_col_connection = @@collation_connection */ ;
/*!50003 SET character_set_client  = utf8 */ ;
/*!50003 SET character_set_results = utf8 */ ;
/*!50003 SET collation_connection  = utf8_general_ci */ ;
/*!50003 SET @saved_sql_mode       = @@sql_mode */ ;
/*!50003 SET sql_mode              = '' */ ;
DELIMITER ;;
/*!50003 CREATE*/ /*!50017 DEFINER=`root`@`localhost`*/ /*!50003 trigger tr_returnBook before update 
    on borrow for each row
begin
    if new.returnDate is not null then
    set new.re_turn='是';
    update book set number=number+1,onShelf='是' where bookNo=new.bookNo;
end if;
end */;;
DELIMITER ;
/*!50003 SET sql_mode              = @saved_sql_mode */ ;
/*!50003 SET character_set_client  = @saved_cs_client */ ;
/*!50003 SET character_set_results = @saved_cs_results */ ;
/*!50003 SET collation_connection  = @saved_col_connection */ ;

--
-- Table structure for table `reader`
--

DROP TABLE IF EXISTS `reader`;
/*!40101 SET @saved_cs_client     = @@character_set_client */;
/*!40101 SET character_set_client = utf8 */;
CREATE TABLE `reader` (
  `readerNo` char(4) NOT NULL,
  `readerName` varchar(10) NOT NULL,
  `gender` char(2) NOT NULL,
  `phoneNumber` varchar(12) DEFAULT NULL,
  `schoolNo` char(4) NOT NULL,
  `effectDate` datetime DEFAULT NULL,
  `lostEffectDate` datetime DEFAULT NULL,
  `breakRules` char(2) DEFAULT NULL,
  `borrowAdd` int(11) DEFAULT NULL,
  PRIMARY KEY (`readerNo`),
  KEY `FK_Reader_school` (`schoolNo`),
  CONSTRAINT `FK_Reader_school` FOREIGN KEY (`schoolNo`) REFERENCES `school` (`schoolNo`)
) ENGINE=InnoDB DEFAULT CHARSET=utf8;
/*!40101 SET character_set_client = @saved_cs_client */;

--
-- Dumping data for table `reader`
--

LOCK TABLES `reader` WRITE;
/*!40000 ALTER TABLE `reader` DISABLE KEYS */;
INSERT INTO `reader` VALUES ('r001','李瑞','男','13078992123','s001','2018-09-02 00:00:00','2021-09-02 00:00:00','否',8),('r002','陈梓曦','女','13769335115','s016','2017-04-13 00:00:00','2020-04-12 00:00:00','',5),('r003','崔同贺','男','13112466766','s003','2017-05-15 00:00:00','2020-05-14 00:00:00','',7),('r004','丁浩然','男','13229315985','s015','2017-06-16 00:00:00','2020-06-15 00:00:00','',4),('r005','上官皓卿','男','13301023012','s008','2017-07-18 00:00:00','2020-07-17 00:00:00','是',8),('r006','方壹杰','男','13873304860','s013','2017-08-19 00:00:00','2020-08-18 00:00:00','',5),('r007','潘子龙','男','13240753351','s006','2017-09-20 00:00:00','2020-09-19 00:00:00','',3),('r008','郭心仪','女','13362734499','s004','2017-10-22 00:00:00','2020-10-21 00:00:00','',5),('r009','海航','男','13901591304','s014','2017-11-23 00:00:00','2020-11-22 00:00:00','',8),('r010','黄鑫琦','男','13544056493','s010','2017-12-25 00:00:00','2020-12-24 00:00:00','',5),('r011','黄语希','女','13735415695','s003','2018-01-26 00:00:00','2021-01-25 00:00:00','',2),('r012','金晶','女','13256955786','s012','2018-02-27 00:00:00','2021-02-26 00:00:00','',5),('r013','孔宝仪','女','13922175449','s012','2018-03-31 00:00:00','2021-03-30 00:00:00','',4),('r014','潘曜榜','男','13112358625','s009','2018-05-02 00:00:00','2021-05-01 00:00:00','',5),('r015','李果','男','13146483436','s008','2018-06-03 00:00:00','2021-06-02 00:00:00','',2),('r016','宁泽昊','男','13134917677','s001','2018-07-05 00:00:00','2021-07-04 00:00:00','',9),('r017','廖一潼','男','13564261834','s002','2018-08-06 00:00:00','2021-08-05 00:00:00','',4),('r018','凌晨晖','男','13659778423','s004','2018-09-07 00:00:00','2021-09-06 00:00:00','',7),('r019','陆曼琳','女','13124272255','s007','2018-10-09 00:00:00','2021-10-08 00:00:00','',1),('r020','莫思璇','女','13025485862','s004','2018-11-10 00:00:00','2021-11-09 00:00:00','',3),('r021','潘凌皓','男','13037094330','s009','2018-12-12 00:00:00','2021-12-11 00:00:00','',4),('r022','朱圳杰','男','13405609601','s011','2019-01-13 00:00:00','2022-01-12 00:00:00','',1),('r023','赵洁','男','13547496672','s012','2019-02-14 00:00:00','2022-02-13 00:00:00','',5),('r024','黄家彧','男','13339165841','s015','2019-03-18 00:00:00','2022-03-17 00:00:00','',5),('r025','王娇','女','13054192370','s012','2019-04-19 00:00:00','2022-04-18 00:00:00','',9),('r026','韦思义','男','13935320438','s014','2019-05-21 00:00:00','2022-05-20 00:00:00','',3),('r027','沈霖','男','13645022170','s004','2019-06-22 00:00:00','2022-06-21 00:00:00','',5),('r028','张之尧','男','13324948041','s002','2019-07-24 00:00:00','2022-07-23 00:00:00','',7),('r029','陈鸿建','男','13831753420','s009','2019-08-25 00:00:00','2022-08-24 00:00:00','',9),('r030','梁诗曼','女','13361718338','s003','2019-09-26 00:00:00','2022-09-25 00:00:00','',7),('r031','陈峻钰','男','13151680669','s004','2019-10-28 00:00:00','2022-10-27 00:00:00','',5),('r032','谢正昌','男','13278234863','s016','2019-11-29 00:00:00','2022-11-28 00:00:00','',5),('r033','曾乐峻','男','13953915239','s001','2019-12-31 00:00:00','2022-12-30 00:00:00','是',7),('r034','张毓嘉','女','13025379323','s014','2017-03-15 00:00:00','2020-03-14 00:00:00','',1),('r035','陆曼琳','女','13615309300','s016','2017-03-30 00:00:00','2020-03-29 00:00:00','',1),('r036','刘昕月','女','13092993353','s015','2017-04-14 00:00:00','2020-04-13 00:00:00','',1),('r037','罗定邦','男','13994137136','s001','2017-04-29 00:00:00','2020-04-28 00:00:00','',5),('r038','戚俊健','男','13563367109','s013','2017-05-14 00:00:00','2020-05-13 00:00:00','',7),('r039','付睿辰','男','13096941987','s003','2017-05-29 00:00:00','2020-05-28 00:00:00','',5),('r040','胡润锋','男','13480853843','s011','2017-06-13 00:00:00','2020-06-12 00:00:00','',2),('r041','彭华帅','男','13132940980','s001','2017-06-28 00:00:00','2020-06-27 00:00:00','',9),('r042','廖宇彬','男','13325557042','s012','2017-07-13 00:00:00','2020-07-12 00:00:00','',5),('r043','韦宗乐','男','13641564071','s001','2017-07-28 00:00:00','2020-07-27 00:00:00','',7),('r044','吴明美','女','13081550686','s006','2017-08-12 00:00:00','2020-08-11 00:00:00','',6),('r045','谢丹妮','女','13334290765','s002','2017-08-27 00:00:00','2020-08-26 00:00:00','',6),('r046','郑名希','女','13967301415','s013','2017-09-11 00:00:00','2020-09-10 00:00:00','',7),('r047','朱维娴','女','13011820766','s013','2017-09-26 00:00:00','2020-09-25 00:00:00','',3),('r048','宋彩瑜','女','13908739668','s005','2017-10-11 00:00:00','2020-10-10 00:00:00','',3),('r049','田馨之','女','13516721948','s008','2017-10-26 00:00:00','2020-10-25 00:00:00','',7),('r050','张昊昊','女','13428486746','s004','2017-11-10 00:00:00','2020-11-09 00:00:00','',6),('r051','张昊明','男','13097800332','s010','2017-11-25 00:00:00','2020-11-24 00:00:00','',4),('r052','包轩浩','男','13869305803','s010','2017-12-10 00:00:00','2020-12-09 00:00:00','',10),('r053','陈晨','男','13206410156','s009','2017-12-25 00:00:00','2020-12-24 00:00:00','',5),('r054','冯轩','男','13637034958','s004','2018-01-09 00:00:00','2021-01-08 00:00:00','',7),('r055','黄浩锋','男','13488714119','s010','2018-01-24 00:00:00','2021-01-23 00:00:00','',2),('r056','黄钰','女','13927518991','s008','2018-02-08 00:00:00','2021-02-07 00:00:00','',4),('r057','蓝鸿杰','男','13909345418','s003','2018-02-23 00:00:00','2021-02-22 00:00:00','',3),('r058','李瑞鹏','男','13831709432','s015','2018-03-10 00:00:00','2021-03-09 00:00:00','',2),('r059','林骏劼','男','13538296241','s005','2018-03-25 00:00:00','2021-03-24 00:00:00','',5),('r060','孙逸君','男','13446580651','s015','2018-04-09 00:00:00','2021-04-08 00:00:00','',2),('r061','谭铭杰','男','13590732601','s013','2018-04-24 00:00:00','2021-04-23 00:00:00','是',2),('r062','王孝先','男','13640563634','s009','2018-05-09 00:00:00','2021-05-08 00:00:00','',4),('r063','夏杰','男','13143146410','s005','2018-05-24 00:00:00','2021-05-23 00:00:00','',2),('r064','张崇轩','男','13914470781','s013','2018-06-08 00:00:00','2021-06-07 00:00:00','',6),('r065','丁玲君','女','13114339670','s005','2018-06-23 00:00:00','2021-06-22 00:00:00','',4),('r066','黄鹏宇','男','13164724098','s012','2018-07-08 00:00:00','2021-07-07 00:00:00','',12),('r067','黄月强','女','13311055676','s001','2018-07-23 00:00:00','2021-07-22 00:00:00','',3),('r068','李东怡','男','13491751265','s012','2018-08-07 00:00:00','2021-08-06 00:00:00','',3),('r069','李嘉杰','男','13831690963','s003','2018-08-22 00:00:00','2021-08-21 00:00:00','',7),('r070','任歆玥','女','13989609178','s016','2018-09-06 00:00:00','2021-09-05 00:00:00','',6),('r071','邹涵','女','13970119447','s005','2018-09-21 00:00:00','2021-09-20 00:00:00','',4),('r072','黄静怡','女','13986831655','s004','2018-10-06 00:00:00','2021-10-05 00:00:00','',10),('r073','唐郁雯','女','13391527526','s006','2018-10-21 00:00:00','2021-10-20 00:00:00','',6),('r074','杨晨曦','女','13529429360','s003','2018-11-05 00:00:00','2021-11-04 00:00:00','',6),('r075','曾俊熙','男','13995074993','s002','2018-11-20 00:00:00','2021-11-19 00:00:00','',5),('r076','刘思远','男','13948236278','s007','2018-12-05 00:00:00','2021-12-04 00:00:00','',2),('r077','朱彦伫','男','13815256135','s012','2018-12-20 00:00:00','2021-12-19 00:00:00','',5),('r078','凌倩','女','13586679949','s011','2019-01-04 00:00:00','2022-01-03 00:00:00','',3),('r079','徐唐伟','男','13505070106','s012','2019-01-19 00:00:00','2022-01-18 00:00:00','',12),('r080','江雪','女','13778810811','s014','2019-02-03 00:00:00','2022-02-02 00:00:00','',6),('r081','赵津艺','男','13994094597','s001','2019-02-18 00:00:00','2022-02-17 00:00:00','',3),('r082','张铭','男','13350421130','s014','2019-03-05 00:00:00','2022-03-04 00:00:00','',3),('r083','崔秀莲','女','13097845058','s003','2019-03-20 00:00:00','2022-03-19 00:00:00','',5),('r084','曾繁胜','男','13183636819','s016','2019-04-04 00:00:00','2022-04-03 00:00:00','是',5),('r085','张啸宇','男','13994109677','s016','2019-04-19 00:00:00','2022-04-18 00:00:00','',4),('r086','张大鑫','男','13020490787','s015','2019-05-04 00:00:00','2022-05-03 00:00:00','',7),('r087','熊伟','男','13250249339','s011','2019-05-19 00:00:00','2022-05-18 00:00:00','',3),('r088','田新宇','男','13264420135','s008','2019-06-03 00:00:00','2022-06-02 00:00:00','',4),('r089','文誉颖','女','13942538561','s007','2019-06-18 00:00:00','2022-06-17 00:00:00','',3),('r090','娄陈','男','13408737743','s005','2019-07-03 00:00:00','2022-07-02 00:00:00','',6),('r091','陈强','男','13419719986','s006','2019-07-18 00:00:00','2022-07-17 00:00:00','',5),('r092','蔡玉林','男','13278458470','s008','2019-08-02 00:00:00','2022-08-01 00:00:00','',6),('r093','赵海慧','女','13286560068','s016','2019-08-17 00:00:00','2022-08-16 00:00:00','',2),('r094','陈航','男','13581578628','s005','2019-09-01 00:00:00','2022-08-31 00:00:00','',9),('r095','徐敏飞','男','13871202150','s012','2019-09-16 00:00:00','2022-09-15 00:00:00','',6),('r096','谈子昂','男','13188712487','s001','2019-10-01 00:00:00','2022-09-30 00:00:00','',5),('r097','陈嘉琪','女','13375688627','s006','2019-10-16 00:00:00','2022-10-15 00:00:00','是',2),('r098','任建宇','男','13832357702','s007','2019-10-31 00:00:00','2022-10-30 00:00:00','',4),('r099','胡正坤','男','13723948699','s010','2019-11-15 00:00:00','2022-11-14 00:00:00','',5),('r100','王晨','男','13407950437','s002','2019-11-30 00:00:00','2022-11-29 00:00:00','',8),('r101','毕梓炜','男','13988513238','s011','2017-03-12 00:00:00','2020-03-11 00:00:00','',0);
/*!40000 ALTER TABLE `reader` ENABLE KEYS */;
UNLOCK TABLES;

--
-- Table structure for table `school`
--

DROP TABLE IF EXISTS `school`;
/*!40101 SET @saved_cs_client     = @@character_set_client */;
/*!40101 SET character_set_client = utf8 */;
CREATE TABLE `school` (
  `schoolNo` char(4) NOT NULL,
  `schoolName` varchar(20) NOT NULL,
  PRIMARY KEY (`schoolNo`)
) ENGINE=InnoDB DEFAULT CHARSET=utf8;
/*!40101 SET character_set_client = @saved_cs_client */;

--
-- Dumping data for table `school`
--

LOCK TABLES `school` WRITE;
/*!40000 ALTER TABLE `school` DISABLE KEYS */;
INSERT INTO `school` VALUES ('s001','人工智能学院'),('s002','电子通信学院'),('s003','机电工程学院'),('s004','计算机学院'),('s005','建工学院'),('s006','汽车学院'),('s007','生化学院'),('s008','媒体学院'),('s009','外语学院'),('s010','经济学院'),('s011','艺术设计学院'),('s012','医护学院'),('s013','人文学院'),('s014','管理学院'),('s015','数创学院'),('s016','创新创业学院');
/*!40000 ALTER TABLE `school` ENABLE KEYS */;
UNLOCK TABLES;
/*!40103 SET TIME_ZONE=@OLD_TIME_ZONE */;

/*!40101 SET SQL_MODE=@OLD_SQL_MODE */;
/*!40014 SET FOREIGN_KEY_CHECKS=@OLD_FOREIGN_KEY_CHECKS */;
/*!40014 SET UNIQUE_CHECKS=@OLD_UNIQUE_CHECKS */;
/*!40101 SET CHARACTER_SET_CLIENT=@OLD_CHARACTER_SET_CLIENT */;
/*!40101 SET CHARACTER_SET_RESULTS=@OLD_CHARACTER_SET_RESULTS */;
/*!40101 SET COLLATION_CONNECTION=@OLD_COLLATION_CONNECTION */;
/*!40111 SET SQL_NOTES=@OLD_SQL_NOTES */;

-- Dump completed on 2022-02-23 20:17:51
